text	postUrl	commentTimeStamp	postCaption	postTimeStamp	model	Media type	isComment	Source	relevanceLabel	positiveTopicClass	negativeTopicClass	primaryPositiveAspect	primaryNegativeAspect	sentiment
:red_heart:	https://www.instagram.com/p/Ct1EteaIVUd	2023-08-27T07:35:30.000Z	A tiny machine for mighty practicality! Order yours now to benefit from the offer on the Lavazza Tiny machine for 99$, with a free box of capsules and free delivery. #lavazzalove #coffeebreak #morningfuel #espresso #mug #coffee #beans #capsule #machine #lavazza #lavazzacoffee #lavazzacoffee #lavazzaamodomio #lavazzaespress #coffeeholic #coffeelover #lebanon #lebanese #beirut #italy #italian #technology	23/06/2023 12:19:07	tinyeco	Instagram	True	instagram.com	1	NONE	NONE	NONE	NONE	Neutral
I love the color	https://www.instagram.com/reel/CxtPqQLr5D9	2023-10-01T19:03:35.000Z	Coffee machine Here is finally our new coffee machine, we opted for the LAVAZZA A MODO MIO TINY ECO, small, compact and practical, the first Lavazza a modo mio machine made with recycled plastic and this thing attracted me so much.. and finally a bit of color in the house, it was really needed! It goes without saying that Lavazza coffee is always a guarantee, even if I don't drink it • • • #machine #coffeemachine #cofeemaker #coffee #coffee #espresso #caffetime #coffee #coffeetime #recycledplastic #lavazza #lavazzacoffee #relaxtime	27/09/2023 21:45:34	tinyeco	Instagram	True	instagram.com	1	Design and Materials	NONE	Color	NONE	Positive
:smiling_face_with_heart-eyes::raising_hands:	https://www.instagram.com/reel/CxtPqQLr5D9	2023-09-29T09:58:03.000Z	Coffee machine Here is finally our new coffee machine, we opted for the LAVAZZA A MODO MIO TINY ECO, small, compact and practical, the first Lavazza a modo mio machine made with recycled plastic and this thing attracted me so much.. and finally a bit of color in the house, it was really needed! It goes without saying that Lavazza coffee is always a guarantee, even if I don't drink it • • • #machine #coffeemachine #cofeemaker #coffee #coffee #espresso #caffetime #coffee #coffeetime #recycledplastic #lavazza #lavazzacoffee #relaxtime	27/09/2023 21:45:34	tinyeco	Instagram	True	instagram.com	1	NONE	NONE	NONE	NONE	Positive
I like the color. Different from usual	https://www.instagram.com/reel/CxtPqQLr5D9	2023-09-28T14:11:20.000Z	Coffee machine Here is finally our new coffee machine, we opted for the LAVAZZA A MODO MIO TINY ECO, small, compact and practical, the first Lavazza a modo mio machine made with recycled plastic and this thing attracted me so much.. and finally a bit of color in the house, it was really needed! It goes without saying that Lavazza coffee is always a guarantee, even if I don't drink it • • • #machine #coffeemachine #cofeemaker #coffee #coffee #espresso #caffetime #coffee #coffeetime #recycledplastic #lavazza #lavazzacoffee #relaxtime	27/09/2023 21:45:34	tinyeco	Instagram	True	instagram.com	1	Design and Materials	NONE	Color	NONE	Positive
Color :TOP_arrow:	https://www.instagram.com/reel/CxtPqQLr5D9	2023-09-28T12:09:52.000Z	Coffee machine Here is finally our new coffee machine, we opted for the LAVAZZA A MODO MIO TINY ECO, small, compact and practical, the first Lavazza a modo mio machine made with recycled plastic and this thing attracted me so much.. and finally a bit of color in the house, it was really needed! It goes without saying that Lavazza coffee is always a guarantee, even if I don't drink it • • • #machine #coffeemachine #cofeemaker #coffee #coffee #espresso #caffetime #coffee #coffeetime #recycledplastic #lavazza #lavazzacoffee #relaxtime	27/09/2023 21:45:34	tinyeco	Instagram	True	instagram.com	1	Design and Materials	NONE	Color	NONE	Neutral
Beautiful :smiling_face_with_heart-eyes::smiling_face_with_heart-eyes: the coffee will be delicious :face_savoring_food:	https://www.instagram.com/reel/CxtPqQLr5D9	2023-09-28T06:24:27.000Z	Coffee machine Here is finally our new coffee machine, we opted for the LAVAZZA A MODO MIO TINY ECO, small, compact and practical, the first Lavazza a modo mio machine made with recycled plastic and this thing attracted me so much.. and finally a bit of color in the house, it was really needed! It goes without saying that Lavazza coffee is always a guarantee, even if I don't drink it • • • #machine #coffeemachine #cofeemaker #coffee #coffee #espresso #caffetime #coffee #coffeetime #recycledplastic #lavazza #lavazzacoffee #relaxtime	27/09/2023 21:45:34	tinyeco	Instagram	True	instagram.com	1	Design and Materials, Coffee Quality	NONE	Delicious coffee	NONE	Positive
Very cute :smiling_face_with_heart-eyes: coordinated with the furniture :face_with_tears_of_joy::face_with_tears_of_joy: now you can't change your mind :face_with_tears_of_joy:	https://www.instagram.com/reel/CxtPqQLr5D9	2023-09-27T20:24:41.000Z	Coffee machine Here is finally our new coffee machine, we opted for the LAVAZZA A MODO MIO TINY ECO, small, compact and practical, the first Lavazza a modo mio machine made with recycled plastic and this thing attracted me so much.. and finally a bit of color in the house, it was really needed! It goes without saying that Lavazza coffee is always a guarantee, even if I don't drink it • • • #machine #coffeemachine #cofeemaker #coffee #coffee #espresso #caffetime #coffee #coffeetime #recycledplastic #lavazza #lavazzacoffee #relaxtime	27/09/2023 21:45:34	tinyeco	Instagram	True	instagram.com	1	Design and Materials	NONE	Cute design	NONE	Positive
Top Faith!! :red_heart:	https://www.instagram.com/reel/CxtPqQLr5D9	2023-09-27T19:48:52.000Z	Coffee machine Here is finally our new coffee machine, we opted for the LAVAZZA A MODO MIO TINY ECO, small, compact and practical, the first Lavazza a modo mio machine made with recycled plastic and this thing attracted me so much.. and finally a bit of color in the house, it was really needed! It goes without saying that Lavazza coffee is always a guarantee, even if I don't drink it • • • #machine #coffeemachine #cofeemaker #coffee #coffee #espresso #caffetime #coffee #coffeetime #recycledplastic #lavazza #lavazzacoffee #relaxtime	27/09/2023 21:45:34	tinyeco	Instagram	True	instagram.com	1	Brand Awareness	NONE	Top Faith	NONE	Positive
E top	https://www.instagram.com/p/CqKXw4jI2uy	2023-03-26T00:09:47.000Z	Tiny Eco Red Coffee Machine with 64 Red Quality Capsules Included ON SALE WITH 19% DISCOUNT https://amzn.to/42FFfhx #scontiscontisconti #scontionline #ScontiYesWeCan #sconti #offerteamazon #onlineshop #scontiamazon #scontiyeswecan #onlineshopping #offerte #cialdecaffe #cafeteria #pods #caffeespresso #coffe #capsules #espressoitaliano #caffeitaliano #podscompatible #caffetime #espresso #lavazza #lavazzaamodomio #LavazzaCoffee	24/03/2023 07:44:06	tinyeco	Instagram	True	instagram.com	1	NONE	NONE	NONE	NONE	Neutral
:clapping_hands:	https://www.instagram.com/p/CqKXw4jI2uy	2023-03-24T14:22:54.000Z	Tiny Eco Red Coffee Machine with 64 Red Quality Capsules Included ON SALE WITH 19% DISCOUNT https://amzn.to/42FFfhx #scontiscontisconti #scontionline #ScontiYesWeCan #sconti #offerteamazon #onlineshop #scontiamazon #scontiyeswecan #onlineshopping #offerte #cialdecaffe #cafeteria #pods #caffeespresso #coffe #capsules #espressoitaliano #caffeitaliano #podscompatible #caffetime #espresso #lavazza #lavazzaamodomio #LavazzaCoffee	24/03/2023 07:44:06	tinyeco	Instagram	True	instagram.com	1	NONE	NONE	NONE	NONE	Neutral
#espresso #coffee #lavazza #lavazzacoffee:hot_beverage: #lavazzacoffee:hot_beverage: #lavazzaamodomio #lavazzaespresso #coffeeholic #coffeelover #lebanon #lebanese #beirut #italy #italian	https://www.instagram.com/p/CryJTUDq8Ev	2023-05-03T13:59:46.000Z	A MODO MIO TINY Espresso on the inside, cheerfulness on the outside. That's what the espresso machine Tiny by Lavazza is. It will bring life to your coffee corner. With it in the house, every espresso is a good opportunity to be among friends. #lavazza	03/05/2023 15:58:43	tinyeco	Instagram	True	instagram.com	1	Brand Awareness	NONE	NONE	NONE	Neutral
:smiling_face_with_heart-eyes::smiling_face_with_heart-eyes::face_savoring_food::face_savoring_food::brown_heart::brown_heart::hot_beverage::hot_beverage::white_heart::white_heart::star-struck::star-struck:	https://www.instagram.com/reel/Crvz_WspzKu	2023-05-06T14:23:07.000Z	Iced Cinnamon Dolce Latte I knew not to froth my cold foam in the tiny espresso shot glass anyways! What I used - 2 starbucks blonde espresso pods - 1 - 2 tsps of Cinnamon Dolce syrup (Jordan’s skinny syrups) - creamer - heavy whipping cream - ice Cold Foam: - 1/3 cup of heavy cream - 1-2 tbsp creamer or milk - 1/2 tsp cinnamon dolce syrup Recipe 1. Brew your espresso shots and add both your syrup and espresso to your drinking glass. Mix together well. 2. Next, add your ice and then milk (or creamer) to your coffee. Add your milk/creamer if preferred. 3. Froth your heavy cream, creamer or milk, and syrup until you have a thick consistency. 4. Add frothed milk to your drinking glass and enjoy! • • • • • • • • • • • • • • • #thecoffeegirly #pinterest #pinterestinspired #coffee #coffeelover #coffeeaddict #coffeegram #coffeebar #nespressovertuo #icedcoffee #icedcoffeelovers #morning #morningroutine #morningcoffee #vlog #dailyvlog #icedcoffeelovers #nespresso #vertuonext #icedcoffeerecipes #coffeeaesthetic	02/05/2023 18:16:47	tinyeco	Instagram	True	instagram.com	1	Coffee Quality	NONE	NONE	NONE	Positive
:smiling_face_with_heart-eyes::smiling_face_with_heart-eyes::smiling_face_with_heart-eyes:	https://www.instagram.com/reel/Cr9vl0BBmjl	2023-05-10T15:22:54.000Z	#darkaesthetic with #nespresso to start your day . I dont think that tiny #espresso mug gonna failed you . . . . . . #homeinterior #homedecor #homecafe #bohodecor #cafecorner #depok24jam #cafeteller #coffeebreak #proudofyourlocalcoffeeshop #masfotokopi #coffeetomotodidepok	08/05/2023 04:06:40	tinyeco	Instagram	True	instagram.com	1	Coffee Quality	NONE	NONE	NONE	Positive
Gila if the vibes are :red_heart::red_heart::red_heart:	https://www.instagram.com/reel/Cr9vl0BBmjl	2023-05-09T07:10:33.000Z	#darkaesthetic with #nespresso to start your day . I dont think that tiny #espresso mug gonna failed you . . . . . . #homeinterior #homedecor #homecafe #bohodecor #cafecorner #depok24jam #cafeteller #coffeebreak #proudofyourlocalcoffeeshop #masfotokopi #coffeetomotodidepok	08/05/2023 04:06:40	tinyeco	Instagram	True	instagram.com	1	NONE	NONE	NONE	NONE	Neutral
Ci sono!! :smiling_face_with_heart-eyes:	https://www.instagram.com/p/C9pw2JrN4ky	2024-07-29T10:59:27.000Z	FANTASY FOOTBALL PROFESSION FANTASY TRAINER PRIZE MONEY OF 12,000 EUROS 11 COMPETITIONS AND MANY PRIZES UP FOR GRABS REGISTRATIONS OFFICIALLY OPEN GAME RULES 260 SQUAD CREDITS (3-8-8-6) 30 SUBSTITUTIONS AVAILABLE YES DEFENSE MODIFIER YES UNBEATABLE GOALKEEPER NO MODULE CHANGE NO CAPTAIN'S BONUS NO FAIR PLAY BONUS 5 SUBSTITUTIONS ALLOWED LONG BENCH PRIZE MONEY OF 12,000 EUROS PRIZES GENERAL RANKING 1st Piaggio Medley 125 2nd Hisense 100-inch TV 3rd Mida gioielli &quot;Tennis&quot; bracelet (value 1700 Euro)/ or / Gama holiday homes 4 Days All-inclusive (for 2 people) 4th iPhone 15 (128 GB) 5th Intex Jacuzzi 6 seats 6th Samsung TV 55 inches 7th Beats solo 4 headphones 8th Lavazza LM840 Tiny eco 9th Xiaomi redmi watch 4 10th JBL Wave 200tws PRIZES OTHER COMPETITIONS Champions League (Play Station 5) Europa League (Nintendo Switch Oled) Conference League (Samsung Galaxy Watch 6) The Immortal (Lenovo Tablet Pen M11) Squid PF cup (Samsusng Galaxy Buds 2) The Big Battle (JBL portable speaker) The Last Chance (Amazon voucher 100 euros) Parachute Cup (Amazon voucher 100 euros) Rat Race (Amazon voucher 100 euros) Super PF Cup (Amazon voucher 100 euros) HIGHEST SCORE IN THE 38 DAYS (100 euro Amazon voucher) WINTER CHAMPION (250 euro Amazon voucher) FOR INFO AND COMPLETE RULES CONTACT US ON INSTAGRAM #fantasyfootball #football #sport #bonus #goal #prizes #footballers #reel #post #instagram #book #tiktok #photo #squidgame #cup #rules	20/07/2024 19:16:12	tinyeco	Instagram	True	instagram.com	1	NONE	NONE	NONE	NONE	Positive
Is the offer still available?	https://www.instagram.com/p/CjTWnh7tzHj	2022-12-16T09:28:43.000Z	Super Offer for coffee lovers! Enjoy a real Italian espresso at home. The LAVAZZA tiny 220-240V coffee espresso machine comes 47% cheaper for all SPAR customers. Good luck! #spar #interspar #expresscoffee #lavazza #lavazzacoffee #coffee	04/10/2022 20:47:28	tinyeco	Instagram	True	instagram.com	1	NONE	NONE	NONE	NONE	Neutral
Sorry but I can't figure out how to remove the water tank	https://www.instagram.com/p/CjkVnWOtLf3	2023-09-26T11:47:10.000Z	Small, easy and colorful ... the new @lavazzaofficial in my own way tiny eco Come and discover it in all the monster points of sale, we are waiting for you #lavazza #coffee #goodmorning #coffebreak #ilgustodelcaffèdiandreataranto	11/10/2022 11:05:48	tinyeco	Instagram	True	instagram.com	1	NONE	Machine Performance	NONE	NONE	Negative
That Lavazza coffee :hot_beverage: tho :clapping_hands::red_heart::red_heart:	https://www.instagram.com/p/C0oyVRYo9VY/	2023-12-09T23:16:12.000Z	:seedling: Embracing sustainability with my morning brew! :hot_beverage: The Lavazza A Modo Bio Tiny Eco is more than just a coffee machine; it’s a conscious choice! :recycling_symbol: Crafted from recycled plastic, it’s stylish, eco-friendly, and makes a mean cup of coffee. :hot_beverage: Let’s brew responsibly! @lavazzauk #SustainableSips #EcoFriendlyBrew #LavazzaTinyEco :herb::globe_showing_Europe-Africa: Big up @ned.farr for the :camera_with_flash: :fire:	2023-12-09T15:27:24.000Z	tinyeco	Instagram	True	instagram.com	1	Coffee Quality, Brand Awareness	NONE	Lavazza coffee	NONE	Neutral
Decent coffee can’t lie! :hot_beverage:	https://www.instagram.com/p/C0oyVRYo9VY/	2023-12-09T17:10:43.000Z	:seedling: Embracing sustainability with my morning brew! :hot_beverage: The Lavazza A Modo Bio Tiny Eco is more than just a coffee machine; it’s a conscious choice! :recycling_symbol: Crafted from recycled plastic, it’s stylish, eco-friendly, and makes a mean cup of coffee. :hot_beverage: Let’s brew responsibly! @lavazzauk #SustainableSips #EcoFriendlyBrew #LavazzaTinyEco :herb::globe_showing_Europe-Africa: Big up @ned.farr for the :camera_with_flash: :fire:	2023-12-09T15:27:24.000Z	tinyeco	Instagram	True	instagram.com	1	Coffee Quality	NONE	Decent coffee	NONE	Positive
Price plz:strawberry:	https://www.instagram.com/p/CsawK9iqAo_	2023-09-29T14:02:27.000Z	A MODO MIO TINY Espresso on the inside, cheerfulness on the outside. That's what the espresso machine Tiny by Lavazza is. It will bring life to your coffee corner. With it in the house, every espresso is a good opportunity to be among friends. #lavazzalove #coffeebreak #morningfuel #espresso #coffee #beans #capsule #machine #lavazza #lavazzacoffee #lavazzacoffee #lavazzaamodomio #lavazzaespress #coffeeholic #coffeelover #lebanon #lebanese #beirut #italy #italian #technology	19/05/2023 10:28:00	tinyeco	Instagram	True	instagram.com	1	NONE	Price & worth	NONE	NONE	Neutral
Try it once you will get in love with it :red_heart:	https://www.instagram.com/p/CsawK9iqAo_	2023-06-12T19:57:44.000Z	A MODO MIO TINY Espresso on the inside, cheerfulness on the outside. That's what the espresso machine Tiny by Lavazza is. It will bring life to your coffee corner. With it in the house, every espresso is a good opportunity to be among friends. #lavazzalove #coffeebreak #morningfuel #espresso #coffee #beans #capsule #machine #lavazza #lavazzacoffee #lavazzacoffee #lavazzaamodomio #lavazzaespress #coffeeholic #coffeelover #lebanon #lebanese #beirut #italy #italian #technology	19/05/2023 10:28:00	tinyeco	Instagram	True	instagram.com	1	NONE	NONE	NONE	NONE	Positive
price please and how much the capsule intenso	https://www.instagram.com/p/CsawK9iqAo_	2023-06-18T10:14:56.000Z	A MODO MIO TINY Espresso on the inside, cheerfulness on the outside. That's what the espresso machine Tiny by Lavazza is. It will bring life to your coffee corner. With it in the house, every espresso is a good opportunity to be among friends. #lavazzalove #coffeebreak #morningfuel #espresso #coffee #beans #capsule #machine #lavazza #lavazzacoffee #lavazzacoffee #lavazzaamodomio #lavazzaespress #coffeeholic #coffeelover #lebanon #lebanese #beirut #italy #italian #technology	19/05/2023 10:28:00	tinyeco	Instagram	True	instagram.com	1	NONE	NONE	NONE	NONE	Neutral
Just Love it :hot_beverage:	https://www.instagram.com/p/CteF14foKFM	2023-06-17T10:00:56.000Z	Lavazza’s tiny companion. Small in size but big on flavor. Order your coffee machine on our website or by calling us on 03 398 558. #lavazzalove #coffeebreak #morningfuel #espresso #coffee #beans #capsule #machine #lavazza #lavazzacoffee #lavazzacoffee #lavazzaamodomio #lavazzaespress #coffeeholic #coffeelover #lebanon #lebanese #beirut #italy #italian #technology	14/06/2023 14:06:28	tinyeco	Instagram	True	instagram.com	1	NONE	NONE	NONE	NONE	Positive
Love this coffee :fire:	https://www.instagram.com/p/CtHIIpUILrk	2023-06-12T19:53:56.000Z	Experience the rich and creamy taste of the Decremosa capsule perfectly brewed by the Tiny coffee machine. Don’t miss out on this incredible coffee experience! Lavazza A Modo Mio Tiny Coffee Machine available in Red, Cyan, Black and White. #lavazzalove #coffeebreak #morningfuel #espresso #coffee #beans #capsule #machine #lavazza #lavazzacoffee #lavazzacoffee #lavazzaamodomio #lavazzaespress #coffeeholic #coffeelover #lebanon #lebanese #beirut #italy #italian #technology	05/06/2023 16:03:58	tinyeco	Instagram	True	instagram.com	1	Coffee Quality	NONE	Love this coffee	NONE	Positive
Practical and good coffee, I'm sorry they don't make ecocapsules and over time I noticed a bad smell from where it dispenses water. I'll try a way to disinfect the part but in my opinion it's a material that retains humidity.	https://www.youtube.com/watch?v=ga2vKr0Af7k&t=26s&ab_channel=TRONY	2024-11-02T08:44:01Z	Lavazza A Modo Mio Tiny is the best way to start your day! In its small size, Tiny is a great Lavazza A Modo Mio coffee machine.	2022-12-21T16:07:41Z	tinyeco	YouTube	True	youtube.com	1	Coffee Quality, Design and Materials	Capsules and Compatibility, Maintenance and Durability	Good coffee	NONE	Negative
the machine would also be fine but these luminaries.... they made a waste water container pity.!!!! every time you make coffee a little water is thrown away,. in the old ones it went into a container below and after 15 20 coffees it was thrown away. this one instead already after the third coffee comes out. but I say how much the fuck did it take to make the bigger container.???? BIG FAILURE	https://www.youtube.com/watch?v=ga2vKr0Af7k&t=26s&ab_channel=TRONY	2024-06-24T18:04:38Z	Lavazza A Modo Mio Tiny is the best way to start your day! In its small size, Tiny is a great Lavazza A Modo Mio coffee machine.	2022-12-21T16:07:41Z	tinyeco	YouTube	True	youtube.com	1	NONE	Machine Performance, Maintenance and Durability	NONE	NONE	Negative
ok but where does the waste water end up????	https://www.youtube.com/watch?v=ga2vKr0Af7k&t=26s&ab_channel=TRONY	2024-05-28T17:09:24Z	Lavazza A Modo Mio Tiny is the best way to start your day! In its small size, Tiny is a great Lavazza A Modo Mio coffee machine.	2022-12-21T16:07:41Z	tinyeco	YouTube	True	youtube.com	1	NONE	NONE	NONE	NONE	Neutral
It's a piece of crap, it has a very small tank, not having a drawer for the drops it leaks water continuously, after a year it blocked, never again	https://www.youtube.com/watch?v=ga2vKr0Af7k&t=26s&ab_channel=TRONY	2024-05-18T21:59:00Z	Lavazza A Modo Mio Tiny is the best way to start your day! In its small size, Tiny is a great Lavazza A Modo Mio coffee machine.	2022-12-21T16:07:41Z	tinyeco	YouTube	True	youtube.com	1	NONE	Machine Performance, Maintenance and Durability, Design and Materials	NONE	NONE	Negative
Truly a great coffee machine	https://www.youtube.com/watch?v=ga2vKr0Af7k&t=26s&ab_channel=TRONY	2024-01-24T10:30:37Z	Lavazza A Modo Mio Tiny is the best way to start your day! In its small size, Tiny is a great Lavazza A Modo Mio coffee machine.	2022-12-21T16:07:41Z	tinyeco	YouTube	True	youtube.com	1	NONE	NONE	NONE	NONE	Positive
By now the word eco-sustainable is a joke. Use capsules. The moka is the only sustainable one. And the compostable capsules inside the composter when after 1 year they were basically healthy but dirty with compost were still whole. We make a better impression by not using inappropriate terms like compostable and eco-sustainable.:grinning_face_with_sweat::face_with_tears_of_joy:	https://www.youtube.com/watch?v=ga2vKr0Af7k&t=26s&ab_channel=TRONY	2023-04-20T14:07:04Z	Lavazza A Modo Mio Tiny is the best way to start your day! In its small size, Tiny is a great Lavazza A Modo Mio coffee machine.	2022-12-21T16:07:41Z	tinyeco	YouTube	True	youtube.com	1	NONE	Environmental Impact	NONE	NONE	Negative
But is the tiny non eco out of production?	https://www.youtube.com/watch?v=ga2vKr0Af7k&t=26s&ab_channel=TRONY	2023-03-17T01:15:40Z	Lavazza A Modo Mio Tiny is the best way to start your day! In its small size, Tiny is a great Lavazza A Modo Mio coffee machine.	2022-12-21T16:07:41Z	tinyeco	YouTube	True	youtube.com	1	NONE	NONE	NONE	NONE	Neutral
A great coffee machine	https://www.youtube.com/watch?v=ga2vKr0Af7k&t=26s&ab_channel=TRONY	2022-12-21T16:16:09Z	Lavazza A Modo Mio Tiny is the best way to start your day! In its small size, Tiny is a great Lavazza A Modo Mio coffee machine.	2022-12-21T16:07:41Z	tinyeco	YouTube	True	youtube.com	1	NONE	NONE	NONE	NONE	Positive
Wtf was that :face_with_tears_of_joy::face_with_tears_of_joy: that’s not a espresso	https://www.youtube.com/watch?v=Jdw0B7HyPqI&ab_channel=HowToKillAnHour	2024-07-29T11:54:14Z	Coffee whilst helping the environment? Marcus takes a closer look! Gear List (Affiliate links): Canon 650D (x2) Canon 77D - Rode Wireless Go II - https://amzn.to/3gvH8a1 Elgato Key Light - https://amzn.to/3mkIAiI Elgato Stream Deck XL - https://amzn.to/3Eldqhq Hue Centris - https://amzn.to/3qh57OF Hue Light Strip 4 - https://amzn.to/33AEc8y Hue HDMI Sync - https://amzn.to/326sO4c Hue Play Bars - https://amzn.to/3siokSB Hue Smart Plug - https://amzn.to/3ebD4KM Keep up to date with everything How To Kill An Hour by signing up to our newsletter by clicking here: http://www.howtokillanhour.com/news Our website is here http://www.howtokillanhour.com Our podcast is here http://www.howtokillanhour.com/shows Twitter: https://twitter.com/HowTokillAnHour Facebook: https://facebook.com/HowTokillAnHour Instagram: https://instagram.com/HowToKillAnHour Tik Tok: https://www.tiktok.com/@howtokillanhour How To Kill An Hour is produced by BPZ Entertainment and it's presenters are affiliated with BBC Radio 1, BBC Radio 1Xtra, KISS FM and Capital Xtra.	2023-12-11T08:00:09Z	tinyeco	YouTube	True	youtube.com	1	NONE	Coffee Quality	NONE	NONE	Negative
the machine would also be fine but these luminaries.... they made a waste water container pity.!!!! every time you make coffee a little water is thrown away,. in the old ones it went into a container below and after 15 20 coffees it was thrown away. this one instead already after the third coffee comes out. but I say how much the fuck did it take to make the bigger container.???? BIG FAILURE	https://www.youtube.com/watch?v=Jdw0B7HyPqI&ab_channel=HowToKillAnHour	2024-06-24T18:04:22Z	Coffee whilst helping the environment? Marcus takes a closer look! Gear List (Affiliate links): Canon 650D (x2) Canon 77D - Rode Wireless Go II - https://amzn.to/3gvH8a1 Elgato Key Light - https://amzn.to/3mkIAiI Elgato Stream Deck XL - https://amzn.to/3Eldqhq Hue Centris - https://amzn.to/3qh57OF Hue Light Strip 4 - https://amzn.to/33AEc8y Hue HDMI Sync - https://amzn.to/326sO4c Hue Play Bars - https://amzn.to/3siokSB Hue Smart Plug - https://amzn.to/3ebD4KM Keep up to date with everything How To Kill An Hour by signing up to our newsletter by clicking here: http://www.howtokillanhour.com/news Our website is here http://www.howtokillanhour.com Our podcast is here http://www.howtokillanhour.com/shows Twitter: https://twitter.com/HowTokillAnHour Facebook: https://facebook.com/HowTokillAnHour Instagram: https://instagram.com/HowToKillAnHour Tik Tok: https://www.tiktok.com/@howtokillanhour How To Kill An Hour is produced by BPZ Entertainment and it's presenters are affiliated with BBC Radio 1, BBC Radio 1Xtra, KISS FM and Capital Xtra.	2023-12-11T08:00:09Z	tinyeco	YouTube	True	youtube.com	1	NONE	Maintenance and Durability	NONE	NONE	Negative
"If you want to start a coffee over 80 ml, start watching ""Lord of the Rings"", maybe your coffee will be ready before the King returns... More seriously, “a modo mio” is typically made for the taste of Italian coffee (between 35 and 50 ml volume); There are many machines for brewing larger cups on the market, mainly those with built-in grinders. I have one of each in my kitchen, for totally different coffees..."	https://www.youtube.com/watch?v=Jdw0B7HyPqI&ab_channel=HowToKillAnHour	2024-06-18T08:16:18Z	Coffee whilst helping the environment? Marcus takes a closer look! Gear List (Affiliate links): Canon 650D (x2) Canon 77D - Rode Wireless Go II - https://amzn.to/3gvH8a1 Elgato Key Light - https://amzn.to/3mkIAiI Elgato Stream Deck XL - https://amzn.to/3Eldqhq Hue Centris - https://amzn.to/3qh57OF Hue Light Strip 4 - https://amzn.to/33AEc8y Hue HDMI Sync - https://amzn.to/326sO4c Hue Play Bars - https://amzn.to/3siokSB Hue Smart Plug - https://amzn.to/3ebD4KM Keep up to date with everything How To Kill An Hour by signing up to our newsletter by clicking here: http://www.howtokillanhour.com/news Our website is here http://www.howtokillanhour.com Our podcast is here http://www.howtokillanhour.com/shows Twitter: https://twitter.com/HowTokillAnHour Facebook: https://facebook.com/HowTokillAnHour Instagram: https://instagram.com/HowToKillAnHour Tik Tok: https://www.tiktok.com/@howtokillanhour How To Kill An Hour is produced by BPZ Entertainment and it's presenters are affiliated with BBC Radio 1, BBC Radio 1Xtra, KISS FM and Capital Xtra.	2023-12-11T08:00:09Z	tinyeco	YouTube	True	youtube.com	1	NONE	Machine Performance	NONE	NONE	Neutral
You can't have a disgusting coffee anymore	https://www.youtube.com/watch?v=Jdw0B7HyPqI&ab_channel=HowToKillAnHour	2024-06-12T15:51:30Z	Coffee whilst helping the environment? Marcus takes a closer look! Gear List (Affiliate links): Canon 650D (x2) Canon 77D - Rode Wireless Go II - https://amzn.to/3gvH8a1 Elgato Key Light - https://amzn.to/3mkIAiI Elgato Stream Deck XL - https://amzn.to/3Eldqhq Hue Centris - https://amzn.to/3qh57OF Hue Light Strip 4 - https://amzn.to/33AEc8y Hue HDMI Sync - https://amzn.to/326sO4c Hue Play Bars - https://amzn.to/3siokSB Hue Smart Plug - https://amzn.to/3ebD4KM Keep up to date with everything How To Kill An Hour by signing up to our newsletter by clicking here: http://www.howtokillanhour.com/news Our website is here http://www.howtokillanhour.com Our podcast is here http://www.howtokillanhour.com/shows Twitter: https://twitter.com/HowTokillAnHour Facebook: https://facebook.com/HowTokillAnHour Instagram: https://instagram.com/HowToKillAnHour Tik Tok: https://www.tiktok.com/@howtokillanhour How To Kill An Hour is produced by BPZ Entertainment and it's presenters are affiliated with BBC Radio 1, BBC Radio 1Xtra, KISS FM and Capital Xtra.	2023-12-11T08:00:09Z	tinyeco	YouTube	True	youtube.com	1	NONE	Coffee Quality	NONE	NONE	Negative
Hello, I am Italian. You have dispensed an enormous amount of coffee. The taste of one of those small pods can be better enjoyed in a much smaller quantity, like a short espresso, which equals 1/3 of a small coffee cup. Approximately 50 milliliters or 50 grams. Greetings from Italy :)	https://www.youtube.com/watch?v=Jdw0B7HyPqI&ab_channel=HowToKillAnHour	2024-04-09T15:27:35Z	Coffee whilst helping the environment? Marcus takes a closer look! Gear List (Affiliate links): Canon 650D (x2) Canon 77D - Rode Wireless Go II - https://amzn.to/3gvH8a1 Elgato Key Light - https://amzn.to/3mkIAiI Elgato Stream Deck XL - https://amzn.to/3Eldqhq Hue Centris - https://amzn.to/3qh57OF Hue Light Strip 4 - https://amzn.to/33AEc8y Hue HDMI Sync - https://amzn.to/326sO4c Hue Play Bars - https://amzn.to/3siokSB Hue Smart Plug - https://amzn.to/3ebD4KM Keep up to date with everything How To Kill An Hour by signing up to our newsletter by clicking here: http://www.howtokillanhour.com/news Our website is here http://www.howtokillanhour.com Our podcast is here http://www.howtokillanhour.com/shows Twitter: https://twitter.com/HowTokillAnHour Facebook: https://facebook.com/HowTokillAnHour Instagram: https://instagram.com/HowToKillAnHour Tik Tok: https://www.tiktok.com/@howtokillanhour How To Kill An Hour is produced by BPZ Entertainment and it's presenters are affiliated with BBC Radio 1, BBC Radio 1Xtra, KISS FM and Capital Xtra.	2023-12-11T08:00:09Z	tinyeco	YouTube	True	youtube.com	1	NONE	Coffee Quality	NONE	NONE	Positive
who makes better coffee jolie with 10 bar or this tiny with 15 bar ? Im unsure what to get	https://www.youtube.com/watch?v=Jdw0B7HyPqI&ab_channel=HowToKillAnHour	2024-03-16T04:02:23Z	Coffee whilst helping the environment? Marcus takes a closer look! Gear List (Affiliate links): Canon 650D (x2) Canon 77D - Rode Wireless Go II - https://amzn.to/3gvH8a1 Elgato Key Light - https://amzn.to/3mkIAiI Elgato Stream Deck XL - https://amzn.to/3Eldqhq Hue Centris - https://amzn.to/3qh57OF Hue Light Strip 4 - https://amzn.to/33AEc8y Hue HDMI Sync - https://amzn.to/326sO4c Hue Play Bars - https://amzn.to/3siokSB Hue Smart Plug - https://amzn.to/3ebD4KM Keep up to date with everything How To Kill An Hour by signing up to our newsletter by clicking here: http://www.howtokillanhour.com/news Our website is here http://www.howtokillanhour.com Our podcast is here http://www.howtokillanhour.com/shows Twitter: https://twitter.com/HowTokillAnHour Facebook: https://facebook.com/HowTokillAnHour Instagram: https://instagram.com/HowToKillAnHour Tik Tok: https://www.tiktok.com/@howtokillanhour How To Kill An Hour is produced by BPZ Entertainment and it's presenters are affiliated with BBC Radio 1, BBC Radio 1Xtra, KISS FM and Capital Xtra.	2023-12-11T08:00:09Z	tinyeco	YouTube	True	youtube.com	1	NONE	NONE	NONE	NONE	Neutral
Just bought this to replace my broken Lavazza Mio. This replacement doesn’t have preset amounts like before. That’s a bit annoying :crying_face:	https://www.youtube.com/watch?v=Jdw0B7HyPqI&ab_channel=HowToKillAnHour	2024-03-04T21:37:30Z	Coffee whilst helping the environment? Marcus takes a closer look! Gear List (Affiliate links): Canon 650D (x2) Canon 77D - Rode Wireless Go II - https://amzn.to/3gvH8a1 Elgato Key Light - https://amzn.to/3mkIAiI Elgato Stream Deck XL - https://amzn.to/3Eldqhq Hue Centris - https://amzn.to/3qh57OF Hue Light Strip 4 - https://amzn.to/33AEc8y Hue HDMI Sync - https://amzn.to/326sO4c Hue Play Bars - https://amzn.to/3siokSB Hue Smart Plug - https://amzn.to/3ebD4KM Keep up to date with everything How To Kill An Hour by signing up to our newsletter by clicking here: http://www.howtokillanhour.com/news Our website is here http://www.howtokillanhour.com Our podcast is here http://www.howtokillanhour.com/shows Twitter: https://twitter.com/HowTokillAnHour Facebook: https://facebook.com/HowTokillAnHour Instagram: https://instagram.com/HowToKillAnHour Tik Tok: https://www.tiktok.com/@howtokillanhour How To Kill An Hour is produced by BPZ Entertainment and it's presenters are affiliated with BBC Radio 1, BBC Radio 1Xtra, KISS FM and Capital Xtra.	2023-12-11T08:00:09Z	tinyeco	YouTube	True	youtube.com	1	NONE	User Experience	NONE	NONE	Negative
PRODUCT LINK: :check_mark_button: Lavazza TINY ECO https://amzn.to/3smvRCd	http://www.youtube.com/watch?v=5eyCzPFsM_w	2023-11-05T13:47:53Z	Looking for an espresso machine? Today we will be reviewing the Lavazza A Modo Mio Tiny Eco, analyzing the pros and cons. Is the Lavazza A Modo Mio Tiny Eco the best espresso machine? You decide! PRODUCT LINK: :check_mark_button: Lavazza TINY ECO https://amzn.to/3smvRCd Note: In this video, I may feature products for which I earn an affiliate commission when you make a purchase through the links provided. This does not affect the price you pay for the product in any way and helps me support the channel to continue creating informative content and unbiased reviews. Thanks for your support!	2023-11-05T13:45:00Z	tinyeco	YouTube	True	youtube.com	1	Brand Awareness	NONE	Lavazza TINY ECO	NONE	Neutral
They should also make eco capsules :thumbs_up:	http://www.youtube.com/watch?v=5eyCzPFsM_w	2024-11-02T08:50:20Z	Looking for an espresso machine? Today we will be reviewing the Lavazza A Modo Mio Tiny Eco, analyzing the pros and cons. Is the Lavazza A Modo Mio Tiny Eco the best espresso machine? You decide! PRODUCT LINK: :check_mark_button: Lavazza TINY ECO https://amzn.to/3smvRCd Note: In this video, I may feature products for which I earn an affiliate commission when you make a purchase through the links provided. This does not affect the price you pay for the product in any way and helps me support the channel to continue creating informative content and unbiased reviews. Thanks for your support!	2023-11-05T13:45:00Z	tinyeco	YouTube	True	youtube.com	1	NONE	NONE	NONE	NONE	Neutral
An undrinkable coffee. It seems like dirty water and any compatible and original blend or pod has the same disgusting taste. 85 euros thrown down the toilet!:face_vomiting:	http://www.youtube.com/watch?v=5eyCzPFsM_w	2024-06-12T15:47:18Z	Looking for an espresso machine? Today we will be reviewing the Lavazza A Modo Mio Tiny Eco, analyzing the pros and cons. Is the Lavazza A Modo Mio Tiny Eco the best espresso machine? You decide! PRODUCT LINK: :check_mark_button: Lavazza TINY ECO https://amzn.to/3smvRCd Note: In this video, I may feature products for which I earn an affiliate commission when you make a purchase through the links provided. This does not affect the price you pay for the product in any way and helps me support the channel to continue creating informative content and unbiased reviews. Thanks for your support!	2023-11-05T13:45:00Z	tinyeco	YouTube	True	youtube.com	1	NONE	Coffee Quality, Price & worth	NONE	NONE	Negative
Yes, but how do you dispose of used capsules?	http://www.youtube.com/watch?v=zrMu31LfQZ0	2024-12-28T17:51:36Z	:down_arrow: AMAZON DEALS LINK BELOW! :down_arrow: Nescafè Krups Mini Me ➜https://amzlink.to/az0JCXvPPv0c1 Nespresso Inissia ➜https://amzlink.to/az0qXX4ZEamDS Lavazza Tiny Eco ➜https://amzlink.to/az0bE09DbfUZs Nespresso Krups Mini ➜https://amzlink.to/az0p1tCKHr34q Nespresso Citiz ➜https://amzlink.to/az0mCe5wFeybE Lavazza A Modo Mio Idola ➜https://amzlink.to/az0Mlz63rONoL Lavazza A Modo Mio Deséa ➜https://amzlink.to/az0xtDe8bFXgt :fire: TELEGRAM OFFERS to SAVE! ➜https://t.me/+R0q1ihGmN2uOChib :memo: Over the past decade, pod coffee machines have revolutionized the way we prepare and enjoy coffee at home. Offering unparalleled convenience, a variety of flavors, and consistent quality, these machines have become an indispensable item for coffee lovers. This guide will help you navigate the many options available on Amazon. If you’re a coffee lover and have been looking for a pod coffee machine, you’ve come to the right place; so sit back and enjoy this buying guide! VIDEO CHAPTERS: 00:00 Introduction 01:04 Nescafè Krups Mini Me 02:09 Nespresso Inissia 03:20 Lavazza A Modo Mio Tiny Eco 04:25 Nespresso Krups Mini 05:44 Nespresso De'Longhi Citiz 06:53 Lavazza A Modo Mio Idola 08:39 Lavazza A Modo Mio Deséa ★ Subscribe to the Channel here https://bit.ly/3MtIIYn and activate the :bell: bell to never miss any news from Digital Best. #coffee #coffeemachines #coffeecapsules -------------------------- Disclaimer: The multimedia contents included in this video, in good or in full, were created specifically by companies to illustrate and advertise their products. Therefore, a certain number of contents in the video may have been created for illustrative purposes only. We are not resellers of the products we suggest. These are product selections based on subjective opinions and various factors such as sales success, public appreciation, functionality, etc. We are in no way responsible for shipments, any defects, malfunctions, price changes, landing page changes, purchasing methods and failure to meet the buyer's expectations. The user is required to check the prices and that the characteristics of the product he/she purchases are consistent with his/her requests. For any information and complaints regarding the products, the end user is required to contact the store where he/she purchased directly. -------------------------- As an Amazon Affiliate I earn from eligible purchases. --------------------------	2024-06-18T14:24:47Z	tinyeco	YouTube	True	youtube.com	1	NONE	NONE	NONE	NONE	Neutral
