text	postUrl	commentTimeStamp	postCaption	postTimeStamp	model	Media type	isComment	Source
‚ù§Ô∏è	https://www.instagram.com/p/Ct1EteaIVUd	2023-08-27T07:35:30.000Z	"A tiny machine for mighty practicality! 

Order yours now to benefit from the offer on the Lavazza Tiny machine for 99$, with a free box of capsules and free delivery. 

#lavazzalove #coffeebreak #morningfuel #espresso #mug
#coffee #beans #capsule #machine #lavazza #lavazzacoffee
#lavazzacoffee #lavazzaamodomio #lavazzaespress
#coffeeholic #coffeelover #lebanon #lebanese #beirut #italy
#italian #technology"	23/06/2023 12:19:07	tinyeco	Instagram	True	instagram.com
Adoro il colore	https://www.instagram.com/reel/CxtPqQLr5D9	2023-10-01T19:03:35.000Z	"Macchina del caff√® 

Ecco finalmente la nostra nuova macchinetta del caff√®, abbiamo optato per la LAVAZZA A MODO MIO TINY ECO, piccola, compatta e pratica, la prima macchina Lavazza a modo mio fatta con plastica riciclata e questa cosa mi ha attratto tanto..e finalmente anche un po' di colore in casa, ci voleva proprio! 

Scontato dire che il caff√® della Lavazza √® sempre una garanzia, anche se io non lo bevo 
‚Ä¢
‚Ä¢
‚Ä¢
#macchina #macchinadelcaff√® #coffeemachine #cofeemaker #caffe #coffee #espresso #caffetime #coffee #coffeetime #plasticariciclata #lavazza #lavazzacoffee #relaxtime"	27/09/2023 21:45:34	tinyeco	Instagram	True	instagram.com
üòçüôå	https://www.instagram.com/reel/CxtPqQLr5D9	2023-09-29T09:58:03.000Z	"Macchina del caff√® 

Ecco finalmente la nostra nuova macchinetta del caff√®, abbiamo optato per la LAVAZZA A MODO MIO TINY ECO, piccola, compatta e pratica, la prima macchina Lavazza a modo mio fatta con plastica riciclata e questa cosa mi ha attratto tanto..e finalmente anche un po' di colore in casa, ci voleva proprio! 

Scontato dire che il caff√® della Lavazza √® sempre una garanzia, anche se io non lo bevo 
‚Ä¢
‚Ä¢
‚Ä¢
#macchina #macchinadelcaff√® #coffeemachine #cofeemaker #caffe #coffee #espresso #caffetime #coffee #coffeetime #plasticariciclata #lavazza #lavazzacoffee #relaxtime"	27/09/2023 21:45:34	tinyeco	Instagram	True	instagram.com
Mi piace il colore . Diverso dal solito	https://www.instagram.com/reel/CxtPqQLr5D9	2023-09-28T14:11:20.000Z	"Macchina del caff√® 

Ecco finalmente la nostra nuova macchinetta del caff√®, abbiamo optato per la LAVAZZA A MODO MIO TINY ECO, piccola, compatta e pratica, la prima macchina Lavazza a modo mio fatta con plastica riciclata e questa cosa mi ha attratto tanto..e finalmente anche un po' di colore in casa, ci voleva proprio! 

Scontato dire che il caff√® della Lavazza √® sempre una garanzia, anche se io non lo bevo 
‚Ä¢
‚Ä¢
‚Ä¢
#macchina #macchinadelcaff√® #coffeemachine #cofeemaker #caffe #coffee #espresso #caffetime #coffee #coffeetime #plasticariciclata #lavazza #lavazzacoffee #relaxtime"	27/09/2023 21:45:34	tinyeco	Instagram	True	instagram.com
Colore üîù	https://www.instagram.com/reel/CxtPqQLr5D9	2023-09-28T12:09:52.000Z	"Macchina del caff√® 

Ecco finalmente la nostra nuova macchinetta del caff√®, abbiamo optato per la LAVAZZA A MODO MIO TINY ECO, piccola, compatta e pratica, la prima macchina Lavazza a modo mio fatta con plastica riciclata e questa cosa mi ha attratto tanto..e finalmente anche un po' di colore in casa, ci voleva proprio! 

Scontato dire che il caff√® della Lavazza √® sempre una garanzia, anche se io non lo bevo 
‚Ä¢
‚Ä¢
‚Ä¢
#macchina #macchinadelcaff√® #coffeemachine #cofeemaker #caffe #coffee #espresso #caffetime #coffee #coffeetime #plasticariciclata #lavazza #lavazzacoffee #relaxtime"	27/09/2023 21:45:34	tinyeco	Instagram	True	instagram.com
Bellissima üòçüòç il caff√® sar√† buonissimo üòã	https://www.instagram.com/reel/CxtPqQLr5D9	2023-09-28T06:24:27.000Z	"Macchina del caff√® 

Ecco finalmente la nostra nuova macchinetta del caff√®, abbiamo optato per la LAVAZZA A MODO MIO TINY ECO, piccola, compatta e pratica, la prima macchina Lavazza a modo mio fatta con plastica riciclata e questa cosa mi ha attratto tanto..e finalmente anche un po' di colore in casa, ci voleva proprio! 

Scontato dire che il caff√® della Lavazza √® sempre una garanzia, anche se io non lo bevo 
‚Ä¢
‚Ä¢
‚Ä¢
#macchina #macchinadelcaff√® #coffeemachine #cofeemaker #caffe #coffee #espresso #caffetime #coffee #coffeetime #plasticariciclata #lavazza #lavazzacoffee #relaxtime"	27/09/2023 21:45:34	tinyeco	Instagram	True	instagram.com
Tu come me üòú	https://www.instagram.com/reel/CxtPqQLr5D9	2023-09-28T05:03:53.000Z	"Macchina del caff√® 

Ecco finalmente la nostra nuova macchinetta del caff√®, abbiamo optato per la LAVAZZA A MODO MIO TINY ECO, piccola, compatta e pratica, la prima macchina Lavazza a modo mio fatta con plastica riciclata e questa cosa mi ha attratto tanto..e finalmente anche un po' di colore in casa, ci voleva proprio! 

Scontato dire che il caff√® della Lavazza √® sempre una garanzia, anche se io non lo bevo 
‚Ä¢
‚Ä¢
‚Ä¢
#macchina #macchinadelcaff√® #coffeemachine #cofeemaker #caffe #coffee #espresso #caffetime #coffee #coffeetime #plasticariciclata #lavazza #lavazzacoffee #relaxtime"	27/09/2023 21:45:34	tinyeco	Instagram	True	instagram.com
Carinissima üòç in coordinato con l‚Äôarredamento üòÇüòÇ adesso non puoi pi√π cambiare idea üòÇ	https://www.instagram.com/reel/CxtPqQLr5D9	2023-09-27T20:24:41.000Z	"Macchina del caff√® 

Ecco finalmente la nostra nuova macchinetta del caff√®, abbiamo optato per la LAVAZZA A MODO MIO TINY ECO, piccola, compatta e pratica, la prima macchina Lavazza a modo mio fatta con plastica riciclata e questa cosa mi ha attratto tanto..e finalmente anche un po' di colore in casa, ci voleva proprio! 

Scontato dire che il caff√® della Lavazza √® sempre una garanzia, anche se io non lo bevo 
‚Ä¢
‚Ä¢
‚Ä¢
#macchina #macchinadelcaff√® #coffeemachine #cofeemaker #caffe #coffee #espresso #caffetime #coffee #coffeetime #plasticariciclata #lavazza #lavazzacoffee #relaxtime"	27/09/2023 21:45:34	tinyeco	Instagram	True	instagram.com
Top Fede!! ‚ù§Ô∏è	https://www.instagram.com/reel/CxtPqQLr5D9	2023-09-27T19:48:52.000Z	"Macchina del caff√® 

Ecco finalmente la nostra nuova macchinetta del caff√®, abbiamo optato per la LAVAZZA A MODO MIO TINY ECO, piccola, compatta e pratica, la prima macchina Lavazza a modo mio fatta con plastica riciclata e questa cosa mi ha attratto tanto..e finalmente anche un po' di colore in casa, ci voleva proprio! 

Scontato dire che il caff√® della Lavazza √® sempre una garanzia, anche se io non lo bevo 
‚Ä¢
‚Ä¢
‚Ä¢
#macchina #macchinadelcaff√® #coffeemachine #cofeemaker #caffe #coffee #espresso #caffetime #coffee #coffeetime #plasticariciclata #lavazza #lavazzacoffee #relaxtime"	27/09/2023 21:45:34	tinyeco	Instagram	True	instagram.com
so interesting ! keep going <3	https://www.instagram.com/p/C4eAmHaNrqj	2024-03-19T16:09:31.000Z	"Troughback: Arte & Caffe, Capsule &Design. La macchina per il caff√® ha rivelato la sua anima pop con la collaborazione tra Lavazza e Toiletpaper, progetto editoriale di Maurizio Cattelan e del fotografo Pierpaolo Ferrari. 
‚ÄòLavazza Tiny dreamed by Toiletpaper - Lipsticks Edition‚Äô, al fuorisalone 2018, ha portato un tocco di arte e ironia nel temporary bar, con le potenti grafiche ToiletPaper a contrasto di uno sfondo con geometria semplice stile foglio di carta millimetrata.

#lavazza #lavazzatiny #sopopsotiny #macchinacapsule #milanodesignweek #lavazzaamodomio #beverfood #milanodesignweek #design #ocs #coffeemachine #macchinacapsule #ocscoffee #lavazzadesign #capsulecaffe #beverfood #fuorisalone #lavazzatinydreamedbytoiletpaper #toiletpaper #toiletpapermagazine #mauriziocattelan #pierpaoloferrari #lipstickedition"	13/03/2024 22:05:58	tinyeco	Instagram	True	instagram.com
We love coffee üòâ	https://www.instagram.com/p/C4eAmHaNrqj	2024-03-14T08:20:13.000Z	"Troughback: Arte & Caffe, Capsule &Design. La macchina per il caff√® ha rivelato la sua anima pop con la collaborazione tra Lavazza e Toiletpaper, progetto editoriale di Maurizio Cattelan e del fotografo Pierpaolo Ferrari. 
‚ÄòLavazza Tiny dreamed by Toiletpaper - Lipsticks Edition‚Äô, al fuorisalone 2018, ha portato un tocco di arte e ironia nel temporary bar, con le potenti grafiche ToiletPaper a contrasto di uno sfondo con geometria semplice stile foglio di carta millimetrata.

#lavazza #lavazzatiny #sopopsotiny #macchinacapsule #milanodesignweek #lavazzaamodomio #beverfood #milanodesignweek #design #ocs #coffeemachine #macchinacapsule #ocscoffee #lavazzadesign #capsulecaffe #beverfood #fuorisalone #lavazzatinydreamedbytoiletpaper #toiletpaper #toiletpapermagazine #mauriziocattelan #pierpaoloferrari #lipstickedition"	13/03/2024 22:05:58	tinyeco	Instagram	True	instagram.com
Send me pic on üëâ @europ__capture	https://www.instagram.com/p/CmYvBupI3GO	2022-12-20T10:33:11.000Z	"√à arrivata la nuova Macchina Espresso Lavazza Tiny Eco A Modo Mio!

Tiny Eco √® la prima macchina realizzata con plastica riciclata per una scelta responsabile per l‚Äôambiente con un packaging al 100% in cartone riciclato e dal basso consumo energetico 

Piccola, compatta e dallo stile pop nel suo piccolo contiene tutta l‚Äôeccellenza Lavazza 

#perugia_selfcaff√® #perugia #umbria #umbria_illife #umbriacuoreverde #volgoumbria #coffee #caffe #caff√©gioia #lavazza #borbone #italia #italy #coffebreak #coffeetime #igersumbria #picoftheday #breakfast #visitumbria #yallersumbria #caff√® #food #travel #coffeelover #espresso #instacoffee"	20/12/2022 11:31:09	tinyeco	Instagram	True	instagram.com
Amazing profile Chek your dm üì©	https://www.instagram.com/p/CmYvBupI3GO	2022-12-20T10:31:51.000Z	"√à arrivata la nuova Macchina Espresso Lavazza Tiny Eco A Modo Mio!

Tiny Eco √® la prima macchina realizzata con plastica riciclata per una scelta responsabile per l‚Äôambiente con un packaging al 100% in cartone riciclato e dal basso consumo energetico 

Piccola, compatta e dallo stile pop nel suo piccolo contiene tutta l‚Äôeccellenza Lavazza 

#perugia_selfcaff√® #perugia #umbria #umbria_illife #umbriacuoreverde #volgoumbria #coffee #caffe #caff√©gioia #lavazza #borbone #italia #italy #coffebreak #coffeetime #igersumbria #picoftheday #breakfast #visitumbria #yallersumbria #caff√® #food #travel #coffeelover #espresso #instacoffee"	20/12/2022 11:31:09	tinyeco	Instagram	True	instagram.com
E top	https://www.instagram.com/p/CqKXw4jI2uy	2023-03-26T00:09:47.000Z	"Macchina per CaffeÃÄ Tiny Eco Rossa con 64 Capsule QualitaÃÄ Rossa Incluse
IN OFFERTA CON IL 19% DI SCONTO 

https://amzn.to/42FFfhx
#scontiscontisconti #scontionline #ScontiYesWeCan #sconti #offerteamazon #onlineshop #scontiamazon #scontiyeswecan #onlineshopping #offerte #cialdecaffe #caffetteria #cialde #caffeespresso #caffe #capsule #espressoitaliano #caffeitaliano #cialdecompatibili #caffetime #espresso #lavazza #lavazzaamodomio #LavazzaCoffee"	24/03/2023 07:44:06	tinyeco	Instagram	True	instagram.com
üëè	https://www.instagram.com/p/CqKXw4jI2uy	2023-03-24T14:22:54.000Z	"Macchina per CaffeÃÄ Tiny Eco Rossa con 64 Capsule QualitaÃÄ Rossa Incluse
IN OFFERTA CON IL 19% DI SCONTO 

https://amzn.to/42FFfhx
#scontiscontisconti #scontionline #ScontiYesWeCan #sconti #offerteamazon #onlineshop #scontiamazon #scontiyeswecan #onlineshopping #offerte #cialdecaffe #caffetteria #cialde #caffeespresso #caffe #capsule #espressoitaliano #caffeitaliano #cialdecompatibili #caffetime #espresso #lavazza #lavazzaamodomio #LavazzaCoffee"	24/03/2023 07:44:06	tinyeco	Instagram	True	instagram.com
#espresso #coffee #lavazza #lavazzacoffee‚òï #lavazzacoffee‚òï #lavazzaamodomio #lavazzaespresso #coffeeholic #coffeelover #lebanon #lebanese #beirut #italy #italian	https://www.instagram.com/p/CryJTUDq8Ev	2023-05-03T13:59:46.000Z	"A MODO MIO TINY

Espresso on the inside, cheerfulness on the outside. That's what the espresso machine Tiny by Lavazza is.

It will bring life to your coffee corner. 

With it in the house, every espresso is a good opportunity to be among friends. #lavazza"	03/05/2023 15:58:43	tinyeco	Instagram	True	instagram.com
Price ?	https://www.instagram.com/p/CryJTUDq8Ev	2023-10-30T06:40:52.000Z	"A MODO MIO TINY

Espresso on the inside, cheerfulness on the outside. That's what the espresso machine Tiny by Lavazza is.

It will bring life to your coffee corner. 

With it in the house, every espresso is a good opportunity to be among friends. #lavazza"	03/05/2023 15:58:43	tinyeco	Instagram	True	instagram.com
üòçüòçüòãüòãü§éü§é‚òï‚òïü§çü§çü§©ü§©	https://www.instagram.com/reel/Crvz_WspzKu	2023-05-06T14:23:07.000Z	"Iced Cinnamon Dolce Latte  
I knew not to froth my cold foam in the tiny espresso shot glass  anyways!

What I used 
- 2 starbucks blonde espresso pods
- 1 - 2 tsps of Cinnamon Dolce syrup (Jordan‚Äôs skinny syrups)
- creamer
- heavy whipping cream
- ice

Cold Foam:
- 1/3  cup of heavy cream
- 1-2 tbsp creamer or milk
- 1/2 tsp cinnamon dolce syrup 

Recipe  
1. Brew your espresso shots and add both your syrup and espresso to your drinking glass. Mix together well.
2. Next, add your ice and then milk (or creamer) to your coffee. Add your milk/creamer if preferred. 
3. Froth your heavy cream, creamer or milk, and syrup until you have a thick consistency.
4. Add frothed milk to your drinking glass and enjoy! 
‚Ä¢
‚Ä¢
‚Ä¢
‚Ä¢
‚Ä¢
‚Ä¢
‚Ä¢
‚Ä¢
‚Ä¢
‚Ä¢
‚Ä¢
‚Ä¢
‚Ä¢
‚Ä¢
‚Ä¢
#thecoffeegirly #pinterest #pinterestinspired #coffee #coffeelover #coffeeaddict #coffeegram #coffeebar #nespressovertuo #icedcoffee #icedcoffeelovers #morning #morningroutine #morningcoffee #vlog #dailyvlog #icedcoffeelovers #nespresso #vertuonext #icedcoffeerecipes #coffeeaesthetic"	02/05/2023 18:16:47	tinyeco	Instagram	True	instagram.com
@nikkibarts	https://www.instagram.com/reel/Crvz_WspzKu	2023-05-02T18:56:53.000Z	"Iced Cinnamon Dolce Latte  
I knew not to froth my cold foam in the tiny espresso shot glass  anyways!

What I used 
- 2 starbucks blonde espresso pods
- 1 - 2 tsps of Cinnamon Dolce syrup (Jordan‚Äôs skinny syrups)
- creamer
- heavy whipping cream
- ice

Cold Foam:
- 1/3  cup of heavy cream
- 1-2 tbsp creamer or milk
- 1/2 tsp cinnamon dolce syrup 

Recipe  
1. Brew your espresso shots and add both your syrup and espresso to your drinking glass. Mix together well.
2. Next, add your ice and then milk (or creamer) to your coffee. Add your milk/creamer if preferred. 
3. Froth your heavy cream, creamer or milk, and syrup until you have a thick consistency.
4. Add frothed milk to your drinking glass and enjoy! 
‚Ä¢
‚Ä¢
‚Ä¢
‚Ä¢
‚Ä¢
‚Ä¢
‚Ä¢
‚Ä¢
‚Ä¢
‚Ä¢
‚Ä¢
‚Ä¢
‚Ä¢
‚Ä¢
‚Ä¢
#thecoffeegirly #pinterest #pinterestinspired #coffee #coffeelover #coffeeaddict #coffeegram #coffeebar #nespressovertuo #icedcoffee #icedcoffeelovers #morning #morningroutine #morningcoffee #vlog #dailyvlog #icedcoffeelovers #nespresso #vertuonext #icedcoffeerecipes #coffeeaesthetic"	02/05/2023 18:16:47	tinyeco	Instagram	True	instagram.com
üòçüòçüòç	https://www.instagram.com/reel/Cr9vl0BBmjl	2023-05-10T15:22:54.000Z	"#darkaesthetic with #nespresso to start your day 
.
I dont think that tiny #espresso mug gonna failed you 

.
.
.
.
.
.
#homeinterior
#homedecor 
#homecafe
#bohodecor 
#cafecorner 
#depok24jam 
#cafeteller
#coffeebreak
#proudofyourlocalcoffeeshop
#masfotokopi
#coffeetomotodidepok"	08/05/2023 04:06:40	tinyeco	Instagram	True	instagram.com
Gila si vibes nya ‚ù§Ô∏è‚ù§Ô∏è‚ù§Ô∏è	https://www.instagram.com/reel/Cr9vl0BBmjl	2023-05-09T07:10:33.000Z	"#darkaesthetic with #nespresso to start your day 
.
I dont think that tiny #espresso mug gonna failed you 

.
.
.
.
.
.
#homeinterior
#homedecor 
#homecafe
#bohodecor 
#cafecorner 
#depok24jam 
#cafeteller
#coffeebreak
#proudofyourlocalcoffeeshop
#masfotokopi
#coffeetomotodidepok"	08/05/2023 04:06:40	tinyeco	Instagram	True	instagram.com
Lagunya gak cocok mood gua	https://www.instagram.com/reel/Cr9vl0BBmjl	2023-05-08T04:19:33.000Z	"#darkaesthetic with #nespresso to start your day 
.
I dont think that tiny #espresso mug gonna failed you 

.
.
.
.
.
.
#homeinterior
#homedecor 
#homecafe
#bohodecor 
#cafecorner 
#depok24jam 
#cafeteller
#coffeebreak
#proudofyourlocalcoffeeshop
#masfotokopi
#coffeetomotodidepok"	08/05/2023 04:06:40	tinyeco	Instagram	True	instagram.com
Come si fa per partecipare?	https://www.instagram.com/p/C9pw2JrN4ky	2024-07-24T19:30:44.000Z	"FANTACALCIO
PROFESSIONE FANTALLENATORE

MONTEPREMI DA 12.000 EURO

11 COMPETIZIONI E TANTI PREMI IN PALIO 

ISCRIZIONI UFFICIALMENTE APERTE 

REGOLE DEL GIOCO
260 CREDITI
ROSA (3-8-8-6)
30 CAMBI A DISPOSIZIONE 
SI MODIFICATORE DI DIFESA
SI IMBATTIBILIT√Ä PORTIERE
NO CAMBIO MODULO 
NO BONUS CAPITANO
NO BONUS FAIR PLAY 
5 SOSTITUZIONI CONSENTITE
PANCHINA LUNGA

MONTEPREMI DA 12.000 EURO
PREMI CLASSIFICA GENERALE
1¬∞ Piaggio Medley 125 
2¬∞ Tv Hisense 100 pollici
3¬∞ Mida gioielli bracciale &quot;Tennis&quot; (valore 1700 Euro)/ oppure / Gama case vacanze 4 Giorni All- inclusive (per 2 persone)
4¬∞ Iphone 15 (128 GB)
5¬∞ Jacuzzi Intex 6 posti
6¬∞ Tv Samsung 55 pollici
7¬∞ Cuffie Beats solo 4
8¬∞ Lavazza LM840 Tiny eco
9¬∞Xiaomi redmi watch 4
10¬∞ JBL Wave 200tws

PREMI ALTRE COMPETIZIONI
Champions League (Play Station 5 )
Europa League (Nintendo Switch Oled)
Conference League (Samsung Galaxy Watch 6)
The Immortal (Lenovo Tablet Pen M11)
Squid PF cup (Samsusng Galaxy Buds 2)
The Big Battle ( JBL speaker portatile)
The Last Chance (Buono Amazon 100 euro)
Paracadute Cup (Buono Amazon 100 euro)
Rat Race (Buono Amazon 100 euro)
Super PF Cup (Buono Amazon 100 euro)

MIGLIOR PUNTEGGIO PI√ô ALTO NELLE 38 GIORNATE
(Buono Amazon 100 euro)

CAMPIONE D'INVERNO 
(Buono Amazon 250 euro)

X INFO E REGOLAMENTO COMPLETO CONTATTACI SU INSTAGRAM 

#fantacalcio #calcio #sport #bonus #goal #premi #calciatori #reel #post #instagram #book #tiktok #photo #squidgame #cup #regole"	20/07/2024 19:16:12	tinyeco	Instagram	True	instagram.com
Ci sono!! üòç	https://www.instagram.com/p/C9pw2JrN4ky	2024-07-29T10:59:27.000Z	"FANTACALCIO
PROFESSIONE FANTALLENATORE

MONTEPREMI DA 12.000 EURO

11 COMPETIZIONI E TANTI PREMI IN PALIO 

ISCRIZIONI UFFICIALMENTE APERTE 

REGOLE DEL GIOCO
260 CREDITI
ROSA (3-8-8-6)
30 CAMBI A DISPOSIZIONE 
SI MODIFICATORE DI DIFESA
SI IMBATTIBILIT√Ä PORTIERE
NO CAMBIO MODULO 
NO BONUS CAPITANO
NO BONUS FAIR PLAY 
5 SOSTITUZIONI CONSENTITE
PANCHINA LUNGA

MONTEPREMI DA 12.000 EURO
PREMI CLASSIFICA GENERALE
1¬∞ Piaggio Medley 125 
2¬∞ Tv Hisense 100 pollici
3¬∞ Mida gioielli bracciale &quot;Tennis&quot; (valore 1700 Euro)/ oppure / Gama case vacanze 4 Giorni All- inclusive (per 2 persone)
4¬∞ Iphone 15 (128 GB)
5¬∞ Jacuzzi Intex 6 posti
6¬∞ Tv Samsung 55 pollici
7¬∞ Cuffie Beats solo 4
8¬∞ Lavazza LM840 Tiny eco
9¬∞Xiaomi redmi watch 4
10¬∞ JBL Wave 200tws

PREMI ALTRE COMPETIZIONI
Champions League (Play Station 5 )
Europa League (Nintendo Switch Oled)
Conference League (Samsung Galaxy Watch 6)
The Immortal (Lenovo Tablet Pen M11)
Squid PF cup (Samsusng Galaxy Buds 2)
The Big Battle ( JBL speaker portatile)
The Last Chance (Buono Amazon 100 euro)
Paracadute Cup (Buono Amazon 100 euro)
Rat Race (Buono Amazon 100 euro)
Super PF Cup (Buono Amazon 100 euro)

MIGLIOR PUNTEGGIO PI√ô ALTO NELLE 38 GIORNATE
(Buono Amazon 100 euro)

CAMPIONE D'INVERNO 
(Buono Amazon 250 euro)

X INFO E REGOLAMENTO COMPLETO CONTATTACI SU INSTAGRAM 

#fantacalcio #calcio #sport #bonus #goal #premi #calciatori #reel #post #instagram #book #tiktok #photo #squidgame #cup #regole"	20/07/2024 19:16:12	tinyeco	Instagram	True	instagram.com
Ma si paga per fare questo Fanta?	https://www.instagram.com/p/C9pw2JrN4ky	2024-07-31T15:32:50.000Z	"FANTACALCIO
PROFESSIONE FANTALLENATORE

MONTEPREMI DA 12.000 EURO

11 COMPETIZIONI E TANTI PREMI IN PALIO 

ISCRIZIONI UFFICIALMENTE APERTE 

REGOLE DEL GIOCO
260 CREDITI
ROSA (3-8-8-6)
30 CAMBI A DISPOSIZIONE 
SI MODIFICATORE DI DIFESA
SI IMBATTIBILIT√Ä PORTIERE
NO CAMBIO MODULO 
NO BONUS CAPITANO
NO BONUS FAIR PLAY 
5 SOSTITUZIONI CONSENTITE
PANCHINA LUNGA

MONTEPREMI DA 12.000 EURO
PREMI CLASSIFICA GENERALE
1¬∞ Piaggio Medley 125 
2¬∞ Tv Hisense 100 pollici
3¬∞ Mida gioielli bracciale &quot;Tennis&quot; (valore 1700 Euro)/ oppure / Gama case vacanze 4 Giorni All- inclusive (per 2 persone)
4¬∞ Iphone 15 (128 GB)
5¬∞ Jacuzzi Intex 6 posti
6¬∞ Tv Samsung 55 pollici
7¬∞ Cuffie Beats solo 4
8¬∞ Lavazza LM840 Tiny eco
9¬∞Xiaomi redmi watch 4
10¬∞ JBL Wave 200tws

PREMI ALTRE COMPETIZIONI
Champions League (Play Station 5 )
Europa League (Nintendo Switch Oled)
Conference League (Samsung Galaxy Watch 6)
The Immortal (Lenovo Tablet Pen M11)
Squid PF cup (Samsusng Galaxy Buds 2)
The Big Battle ( JBL speaker portatile)
The Last Chance (Buono Amazon 100 euro)
Paracadute Cup (Buono Amazon 100 euro)
Rat Race (Buono Amazon 100 euro)
Super PF Cup (Buono Amazon 100 euro)

MIGLIOR PUNTEGGIO PI√ô ALTO NELLE 38 GIORNATE
(Buono Amazon 100 euro)

CAMPIONE D'INVERNO 
(Buono Amazon 250 euro)

X INFO E REGOLAMENTO COMPLETO CONTATTACI SU INSTAGRAM 

#fantacalcio #calcio #sport #bonus #goal #premi #calciatori #reel #post #instagram #book #tiktok #photo #squidgame #cup #regole"	20/07/2024 19:16:12	tinyeco	Instagram	True	instagram.com
Info grazie	https://www.instagram.com/p/C9pw2JrN4ky	2024-07-29T17:20:10.000Z	"FANTACALCIO
PROFESSIONE FANTALLENATORE

MONTEPREMI DA 12.000 EURO

11 COMPETIZIONI E TANTI PREMI IN PALIO 

ISCRIZIONI UFFICIALMENTE APERTE 

REGOLE DEL GIOCO
260 CREDITI
ROSA (3-8-8-6)
30 CAMBI A DISPOSIZIONE 
SI MODIFICATORE DI DIFESA
SI IMBATTIBILIT√Ä PORTIERE
NO CAMBIO MODULO 
NO BONUS CAPITANO
NO BONUS FAIR PLAY 
5 SOSTITUZIONI CONSENTITE
PANCHINA LUNGA

MONTEPREMI DA 12.000 EURO
PREMI CLASSIFICA GENERALE
1¬∞ Piaggio Medley 125 
2¬∞ Tv Hisense 100 pollici
3¬∞ Mida gioielli bracciale &quot;Tennis&quot; (valore 1700 Euro)/ oppure / Gama case vacanze 4 Giorni All- inclusive (per 2 persone)
4¬∞ Iphone 15 (128 GB)
5¬∞ Jacuzzi Intex 6 posti
6¬∞ Tv Samsung 55 pollici
7¬∞ Cuffie Beats solo 4
8¬∞ Lavazza LM840 Tiny eco
9¬∞Xiaomi redmi watch 4
10¬∞ JBL Wave 200tws

PREMI ALTRE COMPETIZIONI
Champions League (Play Station 5 )
Europa League (Nintendo Switch Oled)
Conference League (Samsung Galaxy Watch 6)
The Immortal (Lenovo Tablet Pen M11)
Squid PF cup (Samsusng Galaxy Buds 2)
The Big Battle ( JBL speaker portatile)
The Last Chance (Buono Amazon 100 euro)
Paracadute Cup (Buono Amazon 100 euro)
Rat Race (Buono Amazon 100 euro)
Super PF Cup (Buono Amazon 100 euro)

MIGLIOR PUNTEGGIO PI√ô ALTO NELLE 38 GIORNATE
(Buono Amazon 100 euro)

CAMPIONE D'INVERNO 
(Buono Amazon 250 euro)

X INFO E REGOLAMENTO COMPLETO CONTATTACI SU INSTAGRAM 

#fantacalcio #calcio #sport #bonus #goal #premi #calciatori #reel #post #instagram #book #tiktok #photo #squidgame #cup #regole"	20/07/2024 19:16:12	tinyeco	Instagram	True	instagram.com
0	https://www.instagram.com/p/C9pw2JrN4ky	2024-08-04T07:22:42.000Z	"FANTACALCIO
PROFESSIONE FANTALLENATORE

MONTEPREMI DA 12.000 EURO

11 COMPETIZIONI E TANTI PREMI IN PALIO 

ISCRIZIONI UFFICIALMENTE APERTE 

REGOLE DEL GIOCO
260 CREDITI
ROSA (3-8-8-6)
30 CAMBI A DISPOSIZIONE 
SI MODIFICATORE DI DIFESA
SI IMBATTIBILIT√Ä PORTIERE
NO CAMBIO MODULO 
NO BONUS CAPITANO
NO BONUS FAIR PLAY 
5 SOSTITUZIONI CONSENTITE
PANCHINA LUNGA

MONTEPREMI DA 12.000 EURO
PREMI CLASSIFICA GENERALE
1¬∞ Piaggio Medley 125 
2¬∞ Tv Hisense 100 pollici
3¬∞ Mida gioielli bracciale &quot;Tennis&quot; (valore 1700 Euro)/ oppure / Gama case vacanze 4 Giorni All- inclusive (per 2 persone)
4¬∞ Iphone 15 (128 GB)
5¬∞ Jacuzzi Intex 6 posti
6¬∞ Tv Samsung 55 pollici
7¬∞ Cuffie Beats solo 4
8¬∞ Lavazza LM840 Tiny eco
9¬∞Xiaomi redmi watch 4
10¬∞ JBL Wave 200tws

PREMI ALTRE COMPETIZIONI
Champions League (Play Station 5 )
Europa League (Nintendo Switch Oled)
Conference League (Samsung Galaxy Watch 6)
The Immortal (Lenovo Tablet Pen M11)
Squid PF cup (Samsusng Galaxy Buds 2)
The Big Battle ( JBL speaker portatile)
The Last Chance (Buono Amazon 100 euro)
Paracadute Cup (Buono Amazon 100 euro)
Rat Race (Buono Amazon 100 euro)
Super PF Cup (Buono Amazon 100 euro)

MIGLIOR PUNTEGGIO PI√ô ALTO NELLE 38 GIORNATE
(Buono Amazon 100 euro)

CAMPIONE D'INVERNO 
(Buono Amazon 250 euro)

X INFO E REGOLAMENTO COMPLETO CONTATTACI SU INSTAGRAM 

#fantacalcio #calcio #sport #bonus #goal #premi #calciatori #reel #post #instagram #book #tiktok #photo #squidgame #cup #regole"	20/07/2024 19:16:12	tinyeco	Instagram	True	instagram.com
@testinidavid	https://www.instagram.com/p/C9pw2JrN4ky	2024-07-23T14:59:41.000Z	"FANTACALCIO
PROFESSIONE FANTALLENATORE

MONTEPREMI DA 12.000 EURO

11 COMPETIZIONI E TANTI PREMI IN PALIO 

ISCRIZIONI UFFICIALMENTE APERTE 

REGOLE DEL GIOCO
260 CREDITI
ROSA (3-8-8-6)
30 CAMBI A DISPOSIZIONE 
SI MODIFICATORE DI DIFESA
SI IMBATTIBILIT√Ä PORTIERE
NO CAMBIO MODULO 
NO BONUS CAPITANO
NO BONUS FAIR PLAY 
5 SOSTITUZIONI CONSENTITE
PANCHINA LUNGA

MONTEPREMI DA 12.000 EURO
PREMI CLASSIFICA GENERALE
1¬∞ Piaggio Medley 125 
2¬∞ Tv Hisense 100 pollici
3¬∞ Mida gioielli bracciale &quot;Tennis&quot; (valore 1700 Euro)/ oppure / Gama case vacanze 4 Giorni All- inclusive (per 2 persone)
4¬∞ Iphone 15 (128 GB)
5¬∞ Jacuzzi Intex 6 posti
6¬∞ Tv Samsung 55 pollici
7¬∞ Cuffie Beats solo 4
8¬∞ Lavazza LM840 Tiny eco
9¬∞Xiaomi redmi watch 4
10¬∞ JBL Wave 200tws

PREMI ALTRE COMPETIZIONI
Champions League (Play Station 5 )
Europa League (Nintendo Switch Oled)
Conference League (Samsung Galaxy Watch 6)
The Immortal (Lenovo Tablet Pen M11)
Squid PF cup (Samsusng Galaxy Buds 2)
The Big Battle ( JBL speaker portatile)
The Last Chance (Buono Amazon 100 euro)
Paracadute Cup (Buono Amazon 100 euro)
Rat Race (Buono Amazon 100 euro)
Super PF Cup (Buono Amazon 100 euro)

MIGLIOR PUNTEGGIO PI√ô ALTO NELLE 38 GIORNATE
(Buono Amazon 100 euro)

CAMPIONE D'INVERNO 
(Buono Amazon 250 euro)

X INFO E REGOLAMENTO COMPLETO CONTATTACI SU INSTAGRAM 

#fantacalcio #calcio #sport #bonus #goal #premi #calciatori #reel #post #instagram #book #tiktok #photo #squidgame #cup #regole"	20/07/2024 19:16:12	tinyeco	Instagram	True	instagram.com
@faggy.09 @mat_scatto lo facciamo?	https://www.instagram.com/p/C9pw2JrN4ky	2024-07-27T22:17:45.000Z	"FANTACALCIO
PROFESSIONE FANTALLENATORE

MONTEPREMI DA 12.000 EURO

11 COMPETIZIONI E TANTI PREMI IN PALIO 

ISCRIZIONI UFFICIALMENTE APERTE 

REGOLE DEL GIOCO
260 CREDITI
ROSA (3-8-8-6)
30 CAMBI A DISPOSIZIONE 
SI MODIFICATORE DI DIFESA
SI IMBATTIBILIT√Ä PORTIERE
NO CAMBIO MODULO 
NO BONUS CAPITANO
NO BONUS FAIR PLAY 
5 SOSTITUZIONI CONSENTITE
PANCHINA LUNGA

MONTEPREMI DA 12.000 EURO
PREMI CLASSIFICA GENERALE
1¬∞ Piaggio Medley 125 
2¬∞ Tv Hisense 100 pollici
3¬∞ Mida gioielli bracciale &quot;Tennis&quot; (valore 1700 Euro)/ oppure / Gama case vacanze 4 Giorni All- inclusive (per 2 persone)
4¬∞ Iphone 15 (128 GB)
5¬∞ Jacuzzi Intex 6 posti
6¬∞ Tv Samsung 55 pollici
7¬∞ Cuffie Beats solo 4
8¬∞ Lavazza LM840 Tiny eco
9¬∞Xiaomi redmi watch 4
10¬∞ JBL Wave 200tws

PREMI ALTRE COMPETIZIONI
Champions League (Play Station 5 )
Europa League (Nintendo Switch Oled)
Conference League (Samsung Galaxy Watch 6)
The Immortal (Lenovo Tablet Pen M11)
Squid PF cup (Samsusng Galaxy Buds 2)
The Big Battle ( JBL speaker portatile)
The Last Chance (Buono Amazon 100 euro)
Paracadute Cup (Buono Amazon 100 euro)
Rat Race (Buono Amazon 100 euro)
Super PF Cup (Buono Amazon 100 euro)

MIGLIOR PUNTEGGIO PI√ô ALTO NELLE 38 GIORNATE
(Buono Amazon 100 euro)

CAMPIONE D'INVERNO 
(Buono Amazon 250 euro)

X INFO E REGOLAMENTO COMPLETO CONTATTACI SU INSTAGRAM 

#fantacalcio #calcio #sport #bonus #goal #premi #calciatori #reel #post #instagram #book #tiktok #photo #squidgame #cup #regole"	20/07/2024 19:16:12	tinyeco	Instagram	True	instagram.com
@alessandro_placanico lo vogliamo fare?	https://www.instagram.com/p/C9pw2JrN4ky	2024-07-24T10:44:34.000Z	"FANTACALCIO
PROFESSIONE FANTALLENATORE

MONTEPREMI DA 12.000 EURO

11 COMPETIZIONI E TANTI PREMI IN PALIO 

ISCRIZIONI UFFICIALMENTE APERTE 

REGOLE DEL GIOCO
260 CREDITI
ROSA (3-8-8-6)
30 CAMBI A DISPOSIZIONE 
SI MODIFICATORE DI DIFESA
SI IMBATTIBILIT√Ä PORTIERE
NO CAMBIO MODULO 
NO BONUS CAPITANO
NO BONUS FAIR PLAY 
5 SOSTITUZIONI CONSENTITE
PANCHINA LUNGA

MONTEPREMI DA 12.000 EURO
PREMI CLASSIFICA GENERALE
1¬∞ Piaggio Medley 125 
2¬∞ Tv Hisense 100 pollici
3¬∞ Mida gioielli bracciale &quot;Tennis&quot; (valore 1700 Euro)/ oppure / Gama case vacanze 4 Giorni All- inclusive (per 2 persone)
4¬∞ Iphone 15 (128 GB)
5¬∞ Jacuzzi Intex 6 posti
6¬∞ Tv Samsung 55 pollici
7¬∞ Cuffie Beats solo 4
8¬∞ Lavazza LM840 Tiny eco
9¬∞Xiaomi redmi watch 4
10¬∞ JBL Wave 200tws

PREMI ALTRE COMPETIZIONI
Champions League (Play Station 5 )
Europa League (Nintendo Switch Oled)
Conference League (Samsung Galaxy Watch 6)
The Immortal (Lenovo Tablet Pen M11)
Squid PF cup (Samsusng Galaxy Buds 2)
The Big Battle ( JBL speaker portatile)
The Last Chance (Buono Amazon 100 euro)
Paracadute Cup (Buono Amazon 100 euro)
Rat Race (Buono Amazon 100 euro)
Super PF Cup (Buono Amazon 100 euro)

MIGLIOR PUNTEGGIO PI√ô ALTO NELLE 38 GIORNATE
(Buono Amazon 100 euro)

CAMPIONE D'INVERNO 
(Buono Amazon 250 euro)

X INFO E REGOLAMENTO COMPLETO CONTATTACI SU INSTAGRAM 

#fantacalcio #calcio #sport #bonus #goal #premi #calciatori #reel #post #instagram #book #tiktok #photo #squidgame #cup #regole"	20/07/2024 19:16:12	tinyeco	Instagram	True	instagram.com
@krimastra_10 @riccardo.cannone7 lo famo	https://www.instagram.com/p/C9pw2JrN4ky	2024-07-26T10:13:03.000Z	"FANTACALCIO
PROFESSIONE FANTALLENATORE

MONTEPREMI DA 12.000 EURO

11 COMPETIZIONI E TANTI PREMI IN PALIO 

ISCRIZIONI UFFICIALMENTE APERTE 

REGOLE DEL GIOCO
260 CREDITI
ROSA (3-8-8-6)
30 CAMBI A DISPOSIZIONE 
SI MODIFICATORE DI DIFESA
SI IMBATTIBILIT√Ä PORTIERE
NO CAMBIO MODULO 
NO BONUS CAPITANO
NO BONUS FAIR PLAY 
5 SOSTITUZIONI CONSENTITE
PANCHINA LUNGA

MONTEPREMI DA 12.000 EURO
PREMI CLASSIFICA GENERALE
1¬∞ Piaggio Medley 125 
2¬∞ Tv Hisense 100 pollici
3¬∞ Mida gioielli bracciale &quot;Tennis&quot; (valore 1700 Euro)/ oppure / Gama case vacanze 4 Giorni All- inclusive (per 2 persone)
4¬∞ Iphone 15 (128 GB)
5¬∞ Jacuzzi Intex 6 posti
6¬∞ Tv Samsung 55 pollici
7¬∞ Cuffie Beats solo 4
8¬∞ Lavazza LM840 Tiny eco
9¬∞Xiaomi redmi watch 4
10¬∞ JBL Wave 200tws

PREMI ALTRE COMPETIZIONI
Champions League (Play Station 5 )
Europa League (Nintendo Switch Oled)
Conference League (Samsung Galaxy Watch 6)
The Immortal (Lenovo Tablet Pen M11)
Squid PF cup (Samsusng Galaxy Buds 2)
The Big Battle ( JBL speaker portatile)
The Last Chance (Buono Amazon 100 euro)
Paracadute Cup (Buono Amazon 100 euro)
Rat Race (Buono Amazon 100 euro)
Super PF Cup (Buono Amazon 100 euro)

MIGLIOR PUNTEGGIO PI√ô ALTO NELLE 38 GIORNATE
(Buono Amazon 100 euro)

CAMPIONE D'INVERNO 
(Buono Amazon 250 euro)

X INFO E REGOLAMENTO COMPLETO CONTATTACI SU INSTAGRAM 

#fantacalcio #calcio #sport #bonus #goal #premi #calciatori #reel #post #instagram #book #tiktok #photo #squidgame #cup #regole"	20/07/2024 19:16:12	tinyeco	Instagram	True	instagram.com
@chri.perfu	https://www.instagram.com/p/C9pw2JrN4ky	2024-07-24T10:02:40.000Z	"FANTACALCIO
PROFESSIONE FANTALLENATORE

MONTEPREMI DA 12.000 EURO

11 COMPETIZIONI E TANTI PREMI IN PALIO 

ISCRIZIONI UFFICIALMENTE APERTE 

REGOLE DEL GIOCO
260 CREDITI
ROSA (3-8-8-6)
30 CAMBI A DISPOSIZIONE 
SI MODIFICATORE DI DIFESA
SI IMBATTIBILIT√Ä PORTIERE
NO CAMBIO MODULO 
NO BONUS CAPITANO
NO BONUS FAIR PLAY 
5 SOSTITUZIONI CONSENTITE
PANCHINA LUNGA

MONTEPREMI DA 12.000 EURO
PREMI CLASSIFICA GENERALE
1¬∞ Piaggio Medley 125 
2¬∞ Tv Hisense 100 pollici
3¬∞ Mida gioielli bracciale &quot;Tennis&quot; (valore 1700 Euro)/ oppure / Gama case vacanze 4 Giorni All- inclusive (per 2 persone)
4¬∞ Iphone 15 (128 GB)
5¬∞ Jacuzzi Intex 6 posti
6¬∞ Tv Samsung 55 pollici
7¬∞ Cuffie Beats solo 4
8¬∞ Lavazza LM840 Tiny eco
9¬∞Xiaomi redmi watch 4
10¬∞ JBL Wave 200tws

PREMI ALTRE COMPETIZIONI
Champions League (Play Station 5 )
Europa League (Nintendo Switch Oled)
Conference League (Samsung Galaxy Watch 6)
The Immortal (Lenovo Tablet Pen M11)
Squid PF cup (Samsusng Galaxy Buds 2)
The Big Battle ( JBL speaker portatile)
The Last Chance (Buono Amazon 100 euro)
Paracadute Cup (Buono Amazon 100 euro)
Rat Race (Buono Amazon 100 euro)
Super PF Cup (Buono Amazon 100 euro)

MIGLIOR PUNTEGGIO PI√ô ALTO NELLE 38 GIORNATE
(Buono Amazon 100 euro)

CAMPIONE D'INVERNO 
(Buono Amazon 250 euro)

X INFO E REGOLAMENTO COMPLETO CONTATTACI SU INSTAGRAM 

#fantacalcio #calcio #sport #bonus #goal #premi #calciatori #reel #post #instagram #book #tiktok #photo #squidgame #cup #regole"	20/07/2024 19:16:12	tinyeco	Instagram	True	instagram.com
A eshte oferta akoma	https://www.instagram.com/p/CjTWnh7tzHj	2022-12-16T09:28:43.000Z	"Super Ofert√´ p√´r adhuruesit e kafes!

Shijoni nj√´ ekspres t√´ v√´rtet√´ italian n√´ sht√´pi. Ekspresi i kafes LAVAZZA tiny 220-240V vjen 47% m√´ lir√´ p√´r t√´ gjith√´ klient√´t e SPAR. 

Ju b√´ft√´ mir√´!

#spar #interspar #expresscoffee #lavazza #lavazzacoffee #coffee"	04/10/2022 20:47:28	tinyeco	Instagram	True	instagram.com
Sillni me porosi ne shpi	https://www.instagram.com/p/CjTWnh7tzHj	2022-11-13T20:28:29.000Z	"Super Ofert√´ p√´r adhuruesit e kafes!

Shijoni nj√´ ekspres t√´ v√´rtet√´ italian n√´ sht√´pi. Ekspresi i kafes LAVAZZA tiny 220-240V vjen 47% m√´ lir√´ p√´r t√´ gjith√´ klient√´t e SPAR. 

Ju b√´ft√´ mir√´!

#spar #interspar #expresscoffee #lavazza #lavazzacoffee #coffee"	04/10/2022 20:47:28	tinyeco	Instagram	True	instagram.com
A ka garanci	https://www.instagram.com/p/CjTWnh7tzHj	2022-10-05T15:00:45.000Z	"Super Ofert√´ p√´r adhuruesit e kafes!

Shijoni nj√´ ekspres t√´ v√´rtet√´ italian n√´ sht√´pi. Ekspresi i kafes LAVAZZA tiny 220-240V vjen 47% m√´ lir√´ p√´r t√´ gjith√´ klient√´t e SPAR. 

Ju b√´ft√´ mir√´!

#spar #interspar #expresscoffee #lavazza #lavazzacoffee #coffee"	04/10/2022 20:47:28	tinyeco	Instagram	True	instagram.com
Scusate ma come si toglie il serbatoio acqua non riesco	https://www.instagram.com/p/CjkVnWOtLf3	2023-09-26T11:47:10.000Z	"Piccola,facile e colorata ‚Ä¶la nuova @lavazzaofficial a modo mio tiny eco 
Vieni a scoprirla in tutti i mostri punti vendita,ti aspettiamo 
#lavazza #coffee #goodmorning #coffebreak #ilgustodelcaff√®diandreataranto"	11/10/2022 11:05:48	tinyeco	Instagram	True	instagram.com
Sicuramente la Nespresso Lattissima One sembra veramente ottima ‚ù§Ô∏è Io ho la Dolce Gusto in casa üòÅ	https://www.instagram.com/p/C-xLo81giI_/	2024-08-17T13:50:18.000Z	"Dolcezze buongiorno e buon sabato ‚òÄÔ∏è‚òÄÔ∏è‚òÄÔ∏è
Oggi ho bisogno di chiedervi un consiglio ü§©
Ho in mente di cambiare la mia macchinetta del caff√® (Ho la Lavazza a modo mio,che tra l‚Äôaltro non √® pi√π in produzione)‚Ä¶ il caff√® √® ottimo, l‚Äôunica pecca √® che non ha il contenitore per le cialde üòñ
Dunque, da buon amante di cappuccini, sono indecisa tra questi due modelli ‚§µÔ∏è: 
ü•á Lavazza A modo mio Desea 
ü•à Nespresso Lattissima One 

Sono curiosa di sapere voi cosa ne pensate? Pro e contro di una e dell‚Äôaltra? Se ce l‚Äôavete come vi trovate? 
Perch√® io sono in crisi e super indecisa ü§£‚ô•Ô∏è

#lavazzadesea #nespressolattissima #nespressolatte #homedecor #homesweethome #loveislove #house #decor #tips #love #mummy #mumlife #mumblog"	2024-08-17T10:56:24.000Z	desea	Instagram	True	instagram.com
Buona serata cara‚ù§Ô∏è‚ù§Ô∏è	https://www.instagram.com/p/C-xLo81giI_/	2024-08-17T20:06:39.000Z	"Dolcezze buongiorno e buon sabato ‚òÄÔ∏è‚òÄÔ∏è‚òÄÔ∏è
Oggi ho bisogno di chiedervi un consiglio ü§©
Ho in mente di cambiare la mia macchinetta del caff√® (Ho la Lavazza a modo mio,che tra l‚Äôaltro non √® pi√π in produzione)‚Ä¶ il caff√® √® ottimo, l‚Äôunica pecca √® che non ha il contenitore per le cialde üòñ
Dunque, da buon amante di cappuccini, sono indecisa tra questi due modelli ‚§µÔ∏è: 
ü•á Lavazza A modo mio Desea 
ü•à Nespresso Lattissima One 

Sono curiosa di sapere voi cosa ne pensate? Pro e contro di una e dell‚Äôaltra? Se ce l‚Äôavete come vi trovate? 
Perch√® io sono in crisi e super indecisa ü§£‚ô•Ô∏è

#lavazzadesea #nespressolattissima #nespressolatte #homedecor #homesweethome #loveislove #house #decor #tips #love #mummy #mumlife #mumblog"	2024-08-17T10:56:24.000Z	desea	Instagram	True	instagram.com
Io sono team Lavazza üòç‚ù§Ô∏è	https://www.instagram.com/p/C-xLo81giI_/	2024-08-17T16:36:33.000Z	"Dolcezze buongiorno e buon sabato ‚òÄÔ∏è‚òÄÔ∏è‚òÄÔ∏è
Oggi ho bisogno di chiedervi un consiglio ü§©
Ho in mente di cambiare la mia macchinetta del caff√® (Ho la Lavazza a modo mio,che tra l‚Äôaltro non √® pi√π in produzione)‚Ä¶ il caff√® √® ottimo, l‚Äôunica pecca √® che non ha il contenitore per le cialde üòñ
Dunque, da buon amante di cappuccini, sono indecisa tra questi due modelli ‚§µÔ∏è: 
ü•á Lavazza A modo mio Desea 
ü•à Nespresso Lattissima One 

Sono curiosa di sapere voi cosa ne pensate? Pro e contro di una e dell‚Äôaltra? Se ce l‚Äôavete come vi trovate? 
Perch√® io sono in crisi e super indecisa ü§£‚ô•Ô∏è

#lavazzadesea #nespressolattissima #nespressolatte #homedecor #homesweethome #loveislove #house #decor #tips #love #mummy #mumlife #mumblog"	2024-08-17T10:56:24.000Z	desea	Instagram	True	instagram.com
La lattissima da quello che ho letto in giro, sembra migliore ‚ù§Ô∏è	https://www.instagram.com/p/C-xLo81giI_/	2024-08-18T08:03:55.000Z	"Dolcezze buongiorno e buon sabato ‚òÄÔ∏è‚òÄÔ∏è‚òÄÔ∏è
Oggi ho bisogno di chiedervi un consiglio ü§©
Ho in mente di cambiare la mia macchinetta del caff√® (Ho la Lavazza a modo mio,che tra l‚Äôaltro non √® pi√π in produzione)‚Ä¶ il caff√® √® ottimo, l‚Äôunica pecca √® che non ha il contenitore per le cialde üòñ
Dunque, da buon amante di cappuccini, sono indecisa tra questi due modelli ‚§µÔ∏è: 
ü•á Lavazza A modo mio Desea 
ü•à Nespresso Lattissima One 

Sono curiosa di sapere voi cosa ne pensate? Pro e contro di una e dell‚Äôaltra? Se ce l‚Äôavete come vi trovate? 
Perch√® io sono in crisi e super indecisa ü§£‚ô•Ô∏è

#lavazzadesea #nespressolattissima #nespressolatte #homedecor #homesweethome #loveislove #house #decor #tips #love #mummy #mumlife #mumblog"	2024-08-17T10:56:24.000Z	desea	Instagram	True	instagram.com
Io non saprei consigliarti üòçuso ancora la moka	https://www.instagram.com/p/C-xLo81giI_/	2024-08-18T02:44:39.000Z	"Dolcezze buongiorno e buon sabato ‚òÄÔ∏è‚òÄÔ∏è‚òÄÔ∏è
Oggi ho bisogno di chiedervi un consiglio ü§©
Ho in mente di cambiare la mia macchinetta del caff√® (Ho la Lavazza a modo mio,che tra l‚Äôaltro non √® pi√π in produzione)‚Ä¶ il caff√® √® ottimo, l‚Äôunica pecca √® che non ha il contenitore per le cialde üòñ
Dunque, da buon amante di cappuccini, sono indecisa tra questi due modelli ‚§µÔ∏è: 
ü•á Lavazza A modo mio Desea 
ü•à Nespresso Lattissima One 

Sono curiosa di sapere voi cosa ne pensate? Pro e contro di una e dell‚Äôaltra? Se ce l‚Äôavete come vi trovate? 
Perch√® io sono in crisi e super indecisa ü§£‚ô•Ô∏è

#lavazzadesea #nespressolattissima #nespressolatte #homedecor #homesweethome #loveislove #house #decor #tips #love #mummy #mumlife #mumblog"	2024-08-17T10:56:24.000Z	desea	Instagram	True	instagram.com
La lattissima mi ispira tantissimo üòçüòç	https://www.instagram.com/p/C-xLo81giI_/	2024-08-17T19:12:51.000Z	"Dolcezze buongiorno e buon sabato ‚òÄÔ∏è‚òÄÔ∏è‚òÄÔ∏è
Oggi ho bisogno di chiedervi un consiglio ü§©
Ho in mente di cambiare la mia macchinetta del caff√® (Ho la Lavazza a modo mio,che tra l‚Äôaltro non √® pi√π in produzione)‚Ä¶ il caff√® √® ottimo, l‚Äôunica pecca √® che non ha il contenitore per le cialde üòñ
Dunque, da buon amante di cappuccini, sono indecisa tra questi due modelli ‚§µÔ∏è: 
ü•á Lavazza A modo mio Desea 
ü•à Nespresso Lattissima One 

Sono curiosa di sapere voi cosa ne pensate? Pro e contro di una e dell‚Äôaltra? Se ce l‚Äôavete come vi trovate? 
Perch√® io sono in crisi e super indecisa ü§£‚ô•Ô∏è

#lavazzadesea #nespressolattissima #nespressolatte #homedecor #homesweethome #loveislove #house #decor #tips #love #mummy #mumlife #mumblog"	2024-08-17T10:56:24.000Z	desea	Instagram	True	instagram.com
La Lattissima one √® spettacolare‚Ä¶ c‚Äô√® l‚Äôho io, √® ottima fidati, il caff√® io utilizzo Borbone miscela blu ed √® ottimo. Per non parlare del cappuccino ü•π una meraviglia ü•∞	https://www.instagram.com/p/C-xLo81giI_/	2024-08-17T12:29:15.000Z	"Dolcezze buongiorno e buon sabato ‚òÄÔ∏è‚òÄÔ∏è‚òÄÔ∏è
Oggi ho bisogno di chiedervi un consiglio ü§©
Ho in mente di cambiare la mia macchinetta del caff√® (Ho la Lavazza a modo mio,che tra l‚Äôaltro non √® pi√π in produzione)‚Ä¶ il caff√® √® ottimo, l‚Äôunica pecca √® che non ha il contenitore per le cialde üòñ
Dunque, da buon amante di cappuccini, sono indecisa tra questi due modelli ‚§µÔ∏è: 
ü•á Lavazza A modo mio Desea 
ü•à Nespresso Lattissima One 

Sono curiosa di sapere voi cosa ne pensate? Pro e contro di una e dell‚Äôaltra? Se ce l‚Äôavete come vi trovate? 
Perch√® io sono in crisi e super indecisa ü§£‚ô•Ô∏è

#lavazzadesea #nespressolattissima #nespressolatte #homedecor #homesweethome #loveislove #house #decor #tips #love #mummy #mumlife #mumblog"	2024-08-17T10:56:24.000Z	desea	Instagram	True	instagram.com
Nespresso tutta la vita. A me non piace come viene il cappuccino perch√© esce super bollente, ma l√† macchinetta √® super	https://www.instagram.com/p/C-xLo81giI_/	2024-08-17T19:33:34.000Z	"Dolcezze buongiorno e buon sabato ‚òÄÔ∏è‚òÄÔ∏è‚òÄÔ∏è
Oggi ho bisogno di chiedervi un consiglio ü§©
Ho in mente di cambiare la mia macchinetta del caff√® (Ho la Lavazza a modo mio,che tra l‚Äôaltro non √® pi√π in produzione)‚Ä¶ il caff√® √® ottimo, l‚Äôunica pecca √® che non ha il contenitore per le cialde üòñ
Dunque, da buon amante di cappuccini, sono indecisa tra questi due modelli ‚§µÔ∏è: 
ü•á Lavazza A modo mio Desea 
ü•à Nespresso Lattissima One 

Sono curiosa di sapere voi cosa ne pensate? Pro e contro di una e dell‚Äôaltra? Se ce l‚Äôavete come vi trovate? 
Perch√® io sono in crisi e super indecisa ü§£‚ô•Ô∏è

#lavazzadesea #nespressolattissima #nespressolatte #homedecor #homesweethome #loveislove #house #decor #tips #love #mummy #mumlife #mumblog"	2024-08-17T10:56:24.000Z	desea	Instagram	True	instagram.com
Nespresso secondo me √® topüòç	https://www.instagram.com/p/C-xLo81giI_/	2024-08-18T13:42:38.000Z	"Dolcezze buongiorno e buon sabato ‚òÄÔ∏è‚òÄÔ∏è‚òÄÔ∏è
Oggi ho bisogno di chiedervi un consiglio ü§©
Ho in mente di cambiare la mia macchinetta del caff√® (Ho la Lavazza a modo mio,che tra l‚Äôaltro non √® pi√π in produzione)‚Ä¶ il caff√® √® ottimo, l‚Äôunica pecca √® che non ha il contenitore per le cialde üòñ
Dunque, da buon amante di cappuccini, sono indecisa tra questi due modelli ‚§µÔ∏è: 
ü•á Lavazza A modo mio Desea 
ü•à Nespresso Lattissima One 

Sono curiosa di sapere voi cosa ne pensate? Pro e contro di una e dell‚Äôaltra? Se ce l‚Äôavete come vi trovate? 
Perch√® io sono in crisi e super indecisa ü§£‚ô•Ô∏è

#lavazzadesea #nespressolattissima #nespressolatte #homedecor #homesweethome #loveislove #house #decor #tips #love #mummy #mumlife #mumblog"	2024-08-17T10:56:24.000Z	desea	Instagram	True	instagram.com
Non saprei perch√© non ho n√® l‚Äôuna n√® l‚Äôaltra! Per√≤ che bella tua cucina e il pavimento üòç	https://www.instagram.com/p/C-xLo81giI_/	2024-08-19T07:55:50.000Z	"Dolcezze buongiorno e buon sabato ‚òÄÔ∏è‚òÄÔ∏è‚òÄÔ∏è
Oggi ho bisogno di chiedervi un consiglio ü§©
Ho in mente di cambiare la mia macchinetta del caff√® (Ho la Lavazza a modo mio,che tra l‚Äôaltro non √® pi√π in produzione)‚Ä¶ il caff√® √® ottimo, l‚Äôunica pecca √® che non ha il contenitore per le cialde üòñ
Dunque, da buon amante di cappuccini, sono indecisa tra questi due modelli ‚§µÔ∏è: 
ü•á Lavazza A modo mio Desea 
ü•à Nespresso Lattissima One 

Sono curiosa di sapere voi cosa ne pensate? Pro e contro di una e dell‚Äôaltra? Se ce l‚Äôavete come vi trovate? 
Perch√® io sono in crisi e super indecisa ü§£‚ô•Ô∏è

#lavazzadesea #nespressolattissima #nespressolatte #homedecor #homesweethome #loveislove #house #decor #tips #love #mummy #mumlife #mumblog"	2024-08-17T10:56:24.000Z	desea	Instagram	True	instagram.com
Io ho un altro tipo di macchinetta ma se dovessi scegliere tra le due,sceglierei la lettissima della Nespresso üòÆ ‚ù§Ô∏è	https://www.instagram.com/p/C-xLo81giI_/	2024-08-17T23:16:53.000Z	"Dolcezze buongiorno e buon sabato ‚òÄÔ∏è‚òÄÔ∏è‚òÄÔ∏è
Oggi ho bisogno di chiedervi un consiglio ü§©
Ho in mente di cambiare la mia macchinetta del caff√® (Ho la Lavazza a modo mio,che tra l‚Äôaltro non √® pi√π in produzione)‚Ä¶ il caff√® √® ottimo, l‚Äôunica pecca √® che non ha il contenitore per le cialde üòñ
Dunque, da buon amante di cappuccini, sono indecisa tra questi due modelli ‚§µÔ∏è: 
ü•á Lavazza A modo mio Desea 
ü•à Nespresso Lattissima One 

Sono curiosa di sapere voi cosa ne pensate? Pro e contro di una e dell‚Äôaltra? Se ce l‚Äôavete come vi trovate? 
Perch√® io sono in crisi e super indecisa ü§£‚ô•Ô∏è

#lavazzadesea #nespressolattissima #nespressolatte #homedecor #homesweethome #loveislove #house #decor #tips #love #mummy #mumlife #mumblog"	2024-08-17T10:56:24.000Z	desea	Instagram	True	instagram.com
Io non posso aiutarti, non beviamo latte e per noi √® fondamentale che faccia semplicemente il caff√® üòÇ	https://www.instagram.com/p/C-xLo81giI_/	2024-08-20T11:20:09.000Z	"Dolcezze buongiorno e buon sabato ‚òÄÔ∏è‚òÄÔ∏è‚òÄÔ∏è
Oggi ho bisogno di chiedervi un consiglio ü§©
Ho in mente di cambiare la mia macchinetta del caff√® (Ho la Lavazza a modo mio,che tra l‚Äôaltro non √® pi√π in produzione)‚Ä¶ il caff√® √® ottimo, l‚Äôunica pecca √® che non ha il contenitore per le cialde üòñ
Dunque, da buon amante di cappuccini, sono indecisa tra questi due modelli ‚§µÔ∏è: 
ü•á Lavazza A modo mio Desea 
ü•à Nespresso Lattissima One 

Sono curiosa di sapere voi cosa ne pensate? Pro e contro di una e dell‚Äôaltra? Se ce l‚Äôavete come vi trovate? 
Perch√® io sono in crisi e super indecisa ü§£‚ô•Ô∏è

#lavazzadesea #nespressolattissima #nespressolatte #homedecor #homesweethome #loveislove #house #decor #tips #love #mummy #mumlife #mumblog"	2024-08-17T10:56:24.000Z	desea	Instagram	True	instagram.com
Quella della Nespresso non l‚Äôho mai provata per cui non saprei consigliarti! Per√≤ adoro la tua cucinaüòç	https://www.instagram.com/p/C-xLo81giI_/	2024-08-17T11:22:12.000Z	"Dolcezze buongiorno e buon sabato ‚òÄÔ∏è‚òÄÔ∏è‚òÄÔ∏è
Oggi ho bisogno di chiedervi un consiglio ü§©
Ho in mente di cambiare la mia macchinetta del caff√® (Ho la Lavazza a modo mio,che tra l‚Äôaltro non √® pi√π in produzione)‚Ä¶ il caff√® √® ottimo, l‚Äôunica pecca √® che non ha il contenitore per le cialde üòñ
Dunque, da buon amante di cappuccini, sono indecisa tra questi due modelli ‚§µÔ∏è: 
ü•á Lavazza A modo mio Desea 
ü•à Nespresso Lattissima One 

Sono curiosa di sapere voi cosa ne pensate? Pro e contro di una e dell‚Äôaltra? Se ce l‚Äôavete come vi trovate? 
Perch√® io sono in crisi e super indecisa ü§£‚ô•Ô∏è

#lavazzadesea #nespressolattissima #nespressolatte #homedecor #homesweethome #loveislove #house #decor #tips #love #mummy #mumlife #mumblog"	2024-08-17T10:56:24.000Z	desea	Instagram	True	instagram.com
Tesoro io ho la Lavazza ,ma ritornerei mille volte da Nespresso.	https://www.instagram.com/p/C-xLo81giI_/	2024-08-17T11:45:56.000Z	"Dolcezze buongiorno e buon sabato ‚òÄÔ∏è‚òÄÔ∏è‚òÄÔ∏è
Oggi ho bisogno di chiedervi un consiglio ü§©
Ho in mente di cambiare la mia macchinetta del caff√® (Ho la Lavazza a modo mio,che tra l‚Äôaltro non √® pi√π in produzione)‚Ä¶ il caff√® √® ottimo, l‚Äôunica pecca √® che non ha il contenitore per le cialde üòñ
Dunque, da buon amante di cappuccini, sono indecisa tra questi due modelli ‚§µÔ∏è: 
ü•á Lavazza A modo mio Desea 
ü•à Nespresso Lattissima One 

Sono curiosa di sapere voi cosa ne pensate? Pro e contro di una e dell‚Äôaltra? Se ce l‚Äôavete come vi trovate? 
Perch√® io sono in crisi e super indecisa ü§£‚ô•Ô∏è

#lavazzadesea #nespressolattissima #nespressolatte #homedecor #homesweethome #loveislove #house #decor #tips #love #mummy #mumlife #mumblog"	2024-08-17T10:56:24.000Z	desea	Instagram	True	instagram.com
Io ho la Nespresso üòç	https://www.instagram.com/p/C-xLo81giI_/	2024-08-17T11:49:32.000Z	"Dolcezze buongiorno e buon sabato ‚òÄÔ∏è‚òÄÔ∏è‚òÄÔ∏è
Oggi ho bisogno di chiedervi un consiglio ü§©
Ho in mente di cambiare la mia macchinetta del caff√® (Ho la Lavazza a modo mio,che tra l‚Äôaltro non √® pi√π in produzione)‚Ä¶ il caff√® √® ottimo, l‚Äôunica pecca √® che non ha il contenitore per le cialde üòñ
Dunque, da buon amante di cappuccini, sono indecisa tra questi due modelli ‚§µÔ∏è: 
ü•á Lavazza A modo mio Desea 
ü•à Nespresso Lattissima One 

Sono curiosa di sapere voi cosa ne pensate? Pro e contro di una e dell‚Äôaltra? Se ce l‚Äôavete come vi trovate? 
Perch√® io sono in crisi e super indecisa ü§£‚ô•Ô∏è

#lavazzadesea #nespressolattissima #nespressolatte #homedecor #homesweethome #loveislove #house #decor #tips #love #mummy #mumlife #mumblog"	2024-08-17T10:56:24.000Z	desea	Instagram	True	instagram.com
üòç	https://www.instagram.com/p/Coajt-FM0fQ/	2023-02-09T19:25:05.000Z	"Per ordinarla cel. 3492196347üòâ‚òïüì¶

www.facebook.com/DittaManagoLavazza 

#dittamanag√≤lavazza #lavazza #caff√® #lavazzaamodomio #lavazzadesea #desea #cappuccino #spedizioneintuttaitalia #spedizionegratuita
#qualit√†rossa #qualit√†oro #cremaegusto #lavazza"	2023-02-08T20:33:36.000Z	desea	Instagram	True	instagram.com
üòçüòç	https://www.instagram.com/p/Cefuq_GpA6d/	2022-11-10T10:04:16.000Z	"A sleek matching Italian design for the unmistakable pleasure of a silky-smooth Italian coffee. Indulge in a #Beautiful caf√© quality espresso from the comfort of your home with Lavazza A Modo Mio Smeg.

#CoffeeLovers
#LavazzaAUS
#AModoMioSMEG
#Lavazza

üì∏ @ballina_loft"	2022-06-07T07:31:34.000Z	amodomiosmeg	Instagram	True	instagram.com
Hi does this machine take capsules that make a large coffee or just espresso size?	https://www.instagram.com/p/Cefuq_GpA6d/	2022-10-10T21:13:17.000Z	"A sleek matching Italian design for the unmistakable pleasure of a silky-smooth Italian coffee. Indulge in a #Beautiful caf√© quality espresso from the comfort of your home with Lavazza A Modo Mio Smeg.

#CoffeeLovers
#LavazzaAUS
#AModoMioSMEG
#Lavazza

üì∏ @ballina_loft"	2022-06-07T07:31:34.000Z	amodomiosmeg	Instagram	True	instagram.com
üòç	https://www.instagram.com/p/Cefuq_GpA6d/	2022-06-29T06:19:17.000Z	"A sleek matching Italian design for the unmistakable pleasure of a silky-smooth Italian coffee. Indulge in a #Beautiful caf√© quality espresso from the comfort of your home with Lavazza A Modo Mio Smeg.

#CoffeeLovers
#LavazzaAUS
#AModoMioSMEG
#Lavazza

üì∏ @ballina_loft"	2022-06-07T07:31:34.000Z	amodomiosmeg	Instagram	True	instagram.com
Omg I‚Äôm obsessed üòçüòç	https://www.instagram.com/p/Cefuq_GpA6d/	2022-06-29T03:55:21.000Z	"A sleek matching Italian design for the unmistakable pleasure of a silky-smooth Italian coffee. Indulge in a #Beautiful caf√© quality espresso from the comfort of your home with Lavazza A Modo Mio Smeg.

#CoffeeLovers
#LavazzaAUS
#AModoMioSMEG
#Lavazza

üì∏ @ballina_loft"	2022-06-07T07:31:34.000Z	amodomiosmeg	Instagram	True	instagram.com
ü§éü§çü§éü§ç so smooth, so creamy and a delight to clean, not to mention looks divine! Ticks every box we‚Äôd say! X	https://www.instagram.com/p/Cefuq_GpA6d/	2022-06-07T07:38:20.000Z	"A sleek matching Italian design for the unmistakable pleasure of a silky-smooth Italian coffee. Indulge in a #Beautiful caf√© quality espresso from the comfort of your home with Lavazza A Modo Mio Smeg.

#CoffeeLovers
#LavazzaAUS
#AModoMioSMEG
#Lavazza

üì∏ @ballina_loft"	2022-06-07T07:31:34.000Z	amodomiosmeg	Instagram	True	instagram.com
Happy gotcha day sweet Pearl! üíïüòªüíñ	https://www.instagram.com/p/CffgbZZJFXn/	2022-07-02T16:37:24.000Z	"üêæ IT'S MY GOTCHA DAY! üêæ

Today is a special day - it's the day I found my furever home üíõ 

One year ago, my dad raced 2hrs north to Morriset to pick me up. Another lockdown was due to start at midnight that day, which meant my pawrents had to make the decision to pick me up earlier than expected. 

I was 6 months old at the time. According to my breeder, my original owner had fallen through when I was younger. Then, my breeder decided to keep me so I could find fame and glory as a show cat but due to covid - there were no shows! So my breeder made the difficult decision to give me up. 

And here I am! I'm heavily loved on by my mum and dad. I chase ribbons all day, steal pen lids, eat books and feature in my mum's work reviews! I spent the morning snuggling in bed with meowmy before knocking every object off her side table until she decided to get up ü•∞ She wouldn't change anything for the world though! 

#ragdoll #ragdollkitten #ragdollcat #ragdollsofinstagram #catsofinstagram #catlover #instacats #petsofinstagram #catsofaustralia #catworld #catstagram #dailyfluff #pet_delight #kittensofinstagram #petoftheday #catoftheday #catsdaily #catsoftheworld #misspearlyroo #meowsofaustralia #hillspetau #featured_whiskers #meowfeature #meowstagram #hoomanswithcats #cutestpetsofaustralia #lavazzacoffeemachine #lavazzadesea #lavazzaaustralia"	2022-07-02T01:58:30.000Z	desea	Instagram	True	instagram.com
Happy Gotcha Day sweetie! üòªüíñ	https://www.instagram.com/p/CffgbZZJFXn/	2022-07-02T02:13:14.000Z	"üêæ IT'S MY GOTCHA DAY! üêæ

Today is a special day - it's the day I found my furever home üíõ 

One year ago, my dad raced 2hrs north to Morriset to pick me up. Another lockdown was due to start at midnight that day, which meant my pawrents had to make the decision to pick me up earlier than expected. 

I was 6 months old at the time. According to my breeder, my original owner had fallen through when I was younger. Then, my breeder decided to keep me so I could find fame and glory as a show cat but due to covid - there were no shows! So my breeder made the difficult decision to give me up. 

And here I am! I'm heavily loved on by my mum and dad. I chase ribbons all day, steal pen lids, eat books and feature in my mum's work reviews! I spent the morning snuggling in bed with meowmy before knocking every object off her side table until she decided to get up ü•∞ She wouldn't change anything for the world though! 

#ragdoll #ragdollkitten #ragdollcat #ragdollsofinstagram #catsofinstagram #catlover #instacats #petsofinstagram #catsofaustralia #catworld #catstagram #dailyfluff #pet_delight #kittensofinstagram #petoftheday #catoftheday #catsdaily #catsoftheworld #misspearlyroo #meowsofaustralia #hillspetau #featured_whiskers #meowfeature #meowstagram #hoomanswithcats #cutestpetsofaustralia #lavazzacoffeemachine #lavazzadesea #lavazzaaustralia"	2022-07-02T01:58:30.000Z	desea	Instagram	True	instagram.com
Happy gotcha day! Let‚Äôs be furriends! üòª	https://www.instagram.com/p/CffgbZZJFXn/	2022-07-02T02:06:13.000Z	"üêæ IT'S MY GOTCHA DAY! üêæ

Today is a special day - it's the day I found my furever home üíõ 

One year ago, my dad raced 2hrs north to Morriset to pick me up. Another lockdown was due to start at midnight that day, which meant my pawrents had to make the decision to pick me up earlier than expected. 

I was 6 months old at the time. According to my breeder, my original owner had fallen through when I was younger. Then, my breeder decided to keep me so I could find fame and glory as a show cat but due to covid - there were no shows! So my breeder made the difficult decision to give me up. 

And here I am! I'm heavily loved on by my mum and dad. I chase ribbons all day, steal pen lids, eat books and feature in my mum's work reviews! I spent the morning snuggling in bed with meowmy before knocking every object off her side table until she decided to get up ü•∞ She wouldn't change anything for the world though! 

#ragdoll #ragdollkitten #ragdollcat #ragdollsofinstagram #catsofinstagram #catlover #instacats #petsofinstagram #catsofaustralia #catworld #catstagram #dailyfluff #pet_delight #kittensofinstagram #petoftheday #catoftheday #catsdaily #catsoftheworld #misspearlyroo #meowsofaustralia #hillspetau #featured_whiskers #meowfeature #meowstagram #hoomanswithcats #cutestpetsofaustralia #lavazzacoffeemachine #lavazzadesea #lavazzaaustralia"	2022-07-02T01:58:30.000Z	desea	Instagram	True	instagram.com
Send pic @magazine_of_australia	https://www.instagram.com/p/CffgbZZJFXn/	2022-07-02T01:59:26.000Z	"üêæ IT'S MY GOTCHA DAY! üêæ

Today is a special day - it's the day I found my furever home üíõ 

One year ago, my dad raced 2hrs north to Morriset to pick me up. Another lockdown was due to start at midnight that day, which meant my pawrents had to make the decision to pick me up earlier than expected. 

I was 6 months old at the time. According to my breeder, my original owner had fallen through when I was younger. Then, my breeder decided to keep me so I could find fame and glory as a show cat but due to covid - there were no shows! So my breeder made the difficult decision to give me up. 

And here I am! I'm heavily loved on by my mum and dad. I chase ribbons all day, steal pen lids, eat books and feature in my mum's work reviews! I spent the morning snuggling in bed with meowmy before knocking every object off her side table until she decided to get up ü•∞ She wouldn't change anything for the world though! 

#ragdoll #ragdollkitten #ragdollcat #ragdollsofinstagram #catsofinstagram #catlover #instacats #petsofinstagram #catsofaustralia #catworld #catstagram #dailyfluff #pet_delight #kittensofinstagram #petoftheday #catoftheday #catsdaily #catsoftheworld #misspearlyroo #meowsofaustralia #hillspetau #featured_whiskers #meowfeature #meowstagram #hoomanswithcats #cutestpetsofaustralia #lavazzacoffeemachine #lavazzadesea #lavazzaaustralia"	2022-07-02T01:58:30.000Z	desea	Instagram	True	instagram.com
Wow üòª send pic on @cat_world_magazine__	https://www.instagram.com/p/CffgbZZJFXn/	2022-07-02T01:58:58.000Z	"üêæ IT'S MY GOTCHA DAY! üêæ

Today is a special day - it's the day I found my furever home üíõ 

One year ago, my dad raced 2hrs north to Morriset to pick me up. Another lockdown was due to start at midnight that day, which meant my pawrents had to make the decision to pick me up earlier than expected. 

I was 6 months old at the time. According to my breeder, my original owner had fallen through when I was younger. Then, my breeder decided to keep me so I could find fame and glory as a show cat but due to covid - there were no shows! So my breeder made the difficult decision to give me up. 

And here I am! I'm heavily loved on by my mum and dad. I chase ribbons all day, steal pen lids, eat books and feature in my mum's work reviews! I spent the morning snuggling in bed with meowmy before knocking every object off her side table until she decided to get up ü•∞ She wouldn't change anything for the world though! 

#ragdoll #ragdollkitten #ragdollcat #ragdollsofinstagram #catsofinstagram #catlover #instacats #petsofinstagram #catsofaustralia #catworld #catstagram #dailyfluff #pet_delight #kittensofinstagram #petoftheday #catoftheday #catsdaily #catsoftheworld #misspearlyroo #meowsofaustralia #hillspetau #featured_whiskers #meowfeature #meowstagram #hoomanswithcats #cutestpetsofaustralia #lavazzacoffeemachine #lavazzadesea #lavazzaaustralia"	2022-07-02T01:58:30.000Z	desea	Instagram	True	instagram.com
üíõüíõüíõ	https://www.instagram.com/p/CgTlgW6sC7g/	2022-07-22T07:24:03.000Z	"Our Lavazza A Modo Mio SMEG coffee machine features an unmistakable design. That intensifies your style and appreciation for quality.
üòç

üì∏ @cheryl.law_ 

#CoffeeLovers
#LavazzaAUS
#AModoMioSMEG
#Lavazza"	2022-07-22T07:23:23.000Z	amodomiosmeg	Instagram	True	instagram.com
#coffee #coffeelover #coffeeaddict #coffeemachine #smeg #espressomachine #espresso #caffe #italiancoffee #coffeetime #coffeelovers #coffeegram #coffeelife #coffeelifestyle #coffeeporn #coffeemachineporn #luxury	https://www.instagram.com/p/ChTp69-lf7i/	2022-08-16T09:46:12.000Z	"Treat your Dad with the gift of coffee this Father‚Äôs Day! ‚òïÔ∏è

For a limited time only, get $50 Cashback when you purchase a Lavazza A Modo Mio SMEG or Desea coffee machine! 

Plus mention code: COFFEELOVER at the time of ordering online or instore and receive 2 Bonus Boxes of Lavazza Capsules! 

Offer ends 7th September 2022, don‚Äôt miss out!

View full promo details here > https://bit.ly/3QNuF1e

#berloniappliances #lavazzaAUS #AModoMioSMEG"	2022-08-16T04:33:22.000Z	amodomiosmeg	Instagram	True	instagram.com
#coffeelovers #coffeemachines #fathersdaygifts #lavazzaamodomio #lavazzacoffee #lavazzades√©a #smallappliances #capsulecoffee	https://www.instagram.com/p/ChTp69-lf7i/	2022-08-16T04:37:22.000Z	"Treat your Dad with the gift of coffee this Father‚Äôs Day! ‚òïÔ∏è

For a limited time only, get $50 Cashback when you purchase a Lavazza A Modo Mio SMEG or Desea coffee machine! 

Plus mention code: COFFEELOVER at the time of ordering online or instore and receive 2 Bonus Boxes of Lavazza Capsules! 

Offer ends 7th September 2022, don‚Äôt miss out!

View full promo details here > https://bit.ly/3QNuF1e

#berloniappliances #lavazzaAUS #AModoMioSMEG"	2022-08-16T04:33:22.000Z	amodomiosmeg	Instagram	True	instagram.com
üòçüòçüòçüòçüòçüòç	https://www.instagram.com/p/Crxz14yMFdH/	2023-05-10T19:22:29.000Z	"Some images from the @lavazzaofficial coffee machine Tiny Eco adv campaign made for Wedoo agency.
.
.
Alcune immagini dalla campagna pubblicitaria di Lavazza per la macchina da caff√® Tiny Eco, realizzate per l‚Äôagenzia Wedoo.

#lavazza #lavazzacoffee #tinyeco #lavazzatinyeco #render #rendering #madeinitaviz #cg #advrender"	2023-05-03T10:51:12.000Z	tinyeco	Instagram	True	instagram.com
üëèüëè	https://www.instagram.com/p/CrxmHbqM2zM/	2023-05-11T02:16:50.000Z	"Some images from the @lavazzaofficial coffee machine Tiny Eco adv campaign made for Wedoo agency.
.
.
Alcune immagini dalla campagna pubblicitaria di Lavazza per la macchina da caff√® Tiny Eco, realizzate per l‚Äôagenzia Wedoo.

#lavazza #lavazzacoffee #tinyeco #lavazzatinyeco #render #rendering #madeinitaviz #cg #advrender"	2023-05-03T08:51:16.000Z	tinyeco	Instagram	True	instagram.com
üëèüèªüëèüèæüëèüèø	https://www.instagram.com/p/CrxVQF3sX-8/	2023-05-03T06:31:32.000Z	"Some images from the @lavazzaofficial coffee machine Tiny Eco adv campaign made for Wedoo agency.
.
.
Alcune immagini dalla campagna pubblicitaria di Lavazza per la macchina da caff√® Tiny Eco, realizzate per l‚Äôagenzia Wedoo.

#lavazza #lavazzacoffee #tinyeco #lavazzatinyeco #render #rendering #madeinitaviz #cg #advrender"	2023-05-03T06:23:54.000Z	tinyeco	Instagram	True	instagram.com
üòçüòçüòç	https://www.instagram.com/p/CrxVQF3sX-8/	2023-05-10T10:45:54.000Z	"Some images from the @lavazzaofficial coffee machine Tiny Eco adv campaign made for Wedoo agency.
.
.
Alcune immagini dalla campagna pubblicitaria di Lavazza per la macchina da caff√® Tiny Eco, realizzate per l‚Äôagenzia Wedoo.

#lavazza #lavazzacoffee #tinyeco #lavazzatinyeco #render #rendering #madeinitaviz #cg #advrender"	2023-05-03T06:23:54.000Z	tinyeco	Instagram	True	instagram.com
Send pic üëâ@COFFEE_LOVERS.__	https://www.instagram.com/p/CwsPFk2ofo2/	2023-09-02T13:34:11.000Z	"Le nostre macchine per caff√® ‚ÄúLAVAZZA A MODO MIO‚Äù, tutte in sconto! üì£APPROFITTANE! 
‚Ä¢ Lavazza Tiny Eco 79‚Ç¨
‚Ä¢ Lavazza Julie 89‚Ç¨
‚Ä¢ Lavazza Julie Plus 99‚Ç¨ 
Vi aspettiamo nel nostro negozio di via Manfredi! 
#tuttocapsule #ilcaff√®buono #lavazza #lavazzaamodomio #lavazzatinyeco #lavazzajolie #lavazzajolieplus #coffeetime"	2023-09-02T13:30:48.000Z	tinyeco	Instagram	True	instagram.com
That Lavazza coffee ‚òïÔ∏è tho üëè‚ù§Ô∏è‚ù§Ô∏è	https://www.instagram.com/p/C0oyVRYo9VY/	2023-12-09T23:16:12.000Z	"üå± Embracing sustainability with my morning brew! ‚òïÔ∏è The Lavazza A Modo Bio Tiny Eco is more than just a coffee machine; it‚Äôs a conscious choice! ‚ôªÔ∏è Crafted from recycled plastic, it‚Äôs stylish, eco-friendly, and makes a mean cup of coffee. ‚òïÔ∏è Let‚Äôs brew responsibly! @lavazzauk #SustainableSips #EcoFriendlyBrew #LavazzaTinyEco üåøüåç

Big up @ned.farr for the üì∏ üî•"	2023-12-09T15:27:24.000Z	tinyeco	Instagram	True	instagram.com
Decent coffee can‚Äôt lie! ‚òïÔ∏è	https://www.instagram.com/p/C0oyVRYo9VY/	2023-12-09T17:10:43.000Z	"üå± Embracing sustainability with my morning brew! ‚òïÔ∏è The Lavazza A Modo Bio Tiny Eco is more than just a coffee machine; it‚Äôs a conscious choice! ‚ôªÔ∏è Crafted from recycled plastic, it‚Äôs stylish, eco-friendly, and makes a mean cup of coffee. ‚òïÔ∏è Let‚Äôs brew responsibly! @lavazzauk #SustainableSips #EcoFriendlyBrew #LavazzaTinyEco üåøüåç

Big up @ned.farr for the üì∏ üî•"	2023-12-09T15:27:24.000Z	tinyeco	Instagram	True	instagram.com
16k camera bro	https://www.instagram.com/p/C0oyVRYo9VY/	2023-12-09T16:15:24.000Z	"üå± Embracing sustainability with my morning brew! ‚òïÔ∏è The Lavazza A Modo Bio Tiny Eco is more than just a coffee machine; it‚Äôs a conscious choice! ‚ôªÔ∏è Crafted from recycled plastic, it‚Äôs stylish, eco-friendly, and makes a mean cup of coffee. ‚òïÔ∏è Let‚Äôs brew responsibly! @lavazzauk #SustainableSips #EcoFriendlyBrew #LavazzaTinyEco üåøüåç

Big up @ned.farr for the üì∏ üî•"	2023-12-09T15:27:24.000Z	tinyeco	Instagram	True	instagram.com
Price plzüçì	https://www.instagram.com/p/CsawK9iqAo_	2023-09-29T14:02:27.000Z	"A MODO MIO TINY

Espresso on the inside, cheerfulness on the outside. That's what the espresso machine Tiny by Lavazza is.

It will bring life to your coffee corner. 

With it in the house, every espresso is a good opportunity to be among friends.

#lavazzalove #coffeebreak #morningfuel #espresso #coffee #beans #capsule #machine #lavazza #lavazzacoffee #lavazzacoffee #lavazzaamodomio #lavazzaespress #coffeeholic #coffeelover #lebanon #lebanese #beirut #italy #italian #technology"	19/05/2023 10:28:00	tinyeco	Instagram	True	instagram.com
Helloüçì	https://www.instagram.com/p/CsawK9iqAo_	2023-09-29T14:02:14.000Z	"A MODO MIO TINY

Espresso on the inside, cheerfulness on the outside. That's what the espresso machine Tiny by Lavazza is.

It will bring life to your coffee corner. 

With it in the house, every espresso is a good opportunity to be among friends.

#lavazzalove #coffeebreak #morningfuel #espresso #coffee #beans #capsule #machine #lavazza #lavazzacoffee #lavazzacoffee #lavazzaamodomio #lavazzaespress #coffeeholic #coffeelover #lebanon #lebanese #beirut #italy #italian #technology"	19/05/2023 10:28:00	tinyeco	Instagram	True	instagram.com
ÿßŸÑÿ≥ÿπÿ± ÿüÿü	https://www.instagram.com/p/CsawK9iqAo_	2023-06-16T19:16:56.000Z	"A MODO MIO TINY

Espresso on the inside, cheerfulness on the outside. That's what the espresso machine Tiny by Lavazza is.

It will bring life to your coffee corner. 

With it in the house, every espresso is a good opportunity to be among friends.

#lavazzalove #coffeebreak #morningfuel #espresso #coffee #beans #capsule #machine #lavazza #lavazzacoffee #lavazzacoffee #lavazzaamodomio #lavazzaespress #coffeeholic #coffeelover #lebanon #lebanese #beirut #italy #italian #technology"	19/05/2023 10:28:00	tinyeco	Instagram	True	instagram.com
Try it once you will get in love with it ‚ù§Ô∏è	https://www.instagram.com/p/CsawK9iqAo_	2023-06-12T19:57:44.000Z	"A MODO MIO TINY

Espresso on the inside, cheerfulness on the outside. That's what the espresso machine Tiny by Lavazza is.

It will bring life to your coffee corner. 

With it in the house, every espresso is a good opportunity to be among friends.

#lavazzalove #coffeebreak #morningfuel #espresso #coffee #beans #capsule #machine #lavazza #lavazzacoffee #lavazzacoffee #lavazzaamodomio #lavazzaespress #coffeeholic #coffeelover #lebanon #lebanese #beirut #italy #italian #technology"	19/05/2023 10:28:00	tinyeco	Instagram	True	instagram.com
Atyab ahwe jarbouwA	https://www.instagram.com/p/CsawK9iqAo_	2023-05-20T05:45:26.000Z	"A MODO MIO TINY

Espresso on the inside, cheerfulness on the outside. That's what the espresso machine Tiny by Lavazza is.

It will bring life to your coffee corner. 

With it in the house, every espresso is a good opportunity to be among friends.

#lavazzalove #coffeebreak #morningfuel #espresso #coffee #beans #capsule #machine #lavazza #lavazzacoffee #lavazzacoffee #lavazzaamodomio #lavazzaespress #coffeeholic #coffeelover #lebanon #lebanese #beirut #italy #italian #technology"	19/05/2023 10:28:00	tinyeco	Instagram	True	instagram.com
price please and how much the capsule intenso	https://www.instagram.com/p/CsawK9iqAo_	2023-06-18T10:14:56.000Z	"A MODO MIO TINY

Espresso on the inside, cheerfulness on the outside. That's what the espresso machine Tiny by Lavazza is.

It will bring life to your coffee corner. 

With it in the house, every espresso is a good opportunity to be among friends.

#lavazzalove #coffeebreak #morningfuel #espresso #coffee #beans #capsule #machine #lavazza #lavazzacoffee #lavazzacoffee #lavazzaamodomio #lavazzaespress #coffeeholic #coffeelover #lebanon #lebanese #beirut #italy #italian #technology"	19/05/2023 10:28:00	tinyeco	Instagram	True	instagram.com
ÿßŸÑÿ≥ÿπÿ±	https://www.instagram.com/p/CsawK9iqAo_	2023-06-17T17:51:01.000Z	"A MODO MIO TINY

Espresso on the inside, cheerfulness on the outside. That's what the espresso machine Tiny by Lavazza is.

It will bring life to your coffee corner. 

With it in the house, every espresso is a good opportunity to be among friends.

#lavazzalove #coffeebreak #morningfuel #espresso #coffee #beans #capsule #machine #lavazza #lavazzacoffee #lavazzacoffee #lavazzaamodomio #lavazzaespress #coffeeholic #coffeelover #lebanon #lebanese #beirut #italy #italian #technology"	19/05/2023 10:28:00	tinyeco	Instagram	True	instagram.com
@randaali80	https://www.instagram.com/p/CsawK9iqAo_	2023-06-16T18:06:39.000Z	"A MODO MIO TINY

Espresso on the inside, cheerfulness on the outside. That's what the espresso machine Tiny by Lavazza is.

It will bring life to your coffee corner. 

With it in the house, every espresso is a good opportunity to be among friends.

#lavazzalove #coffeebreak #morningfuel #espresso #coffee #beans #capsule #machine #lavazza #lavazzacoffee #lavazzacoffee #lavazzaamodomio #lavazzaespress #coffeeholic #coffeelover #lebanon #lebanese #beirut #italy #italian #technology"	19/05/2023 10:28:00	tinyeco	Instagram	True	instagram.com
Just Love it ‚òï	https://www.instagram.com/p/CteF14foKFM	2023-06-17T10:00:56.000Z	"Lavazza‚Äôs tiny companion. 
Small in size but big on flavor.
Order your coffee machine on our website or by calling us on 03 398 558. 

#lavazzalove #coffeebreak #morningfuel #espresso #coffee #beans #capsule #machine #lavazza #lavazzacoffee #lavazzacoffee #lavazzaamodomio #lavazzaespress #coffeeholic #coffeelover #lebanon #lebanese #beirut #italy #italian #technology"	14/06/2023 14:06:28	tinyeco	Instagram	True	instagram.com
Price plz	https://www.instagram.com/p/CtHIIpUILrk	2023-10-24T16:09:43.000Z	"Experience the rich and creamy taste of the  Decremosa capsule perfectly brewed by the Tiny coffee machine. Don‚Äôt miss out on this incredible coffee experience! 

Lavazza A Modo Mio Tiny Coffee Machine available in Red, Cyan, Black and White. 

#lavazzalove #coffeebreak #morningfuel #espresso #coffee #beans #capsule #machine #lavazza #lavazzacoffee #lavazzacoffee #lavazzaamodomio #lavazzaespress #coffeeholic #coffeelover #lebanon #lebanese #beirut #italy #italian #technology"	05/06/2023 16:03:58	tinyeco	Instagram	True	instagram.com
Love this coffee üî•	https://www.instagram.com/p/CtHIIpUILrk	2023-06-12T19:53:56.000Z	"Experience the rich and creamy taste of the  Decremosa capsule perfectly brewed by the Tiny coffee machine. Don‚Äôt miss out on this incredible coffee experience! 

Lavazza A Modo Mio Tiny Coffee Machine available in Red, Cyan, Black and White. 

#lavazzalove #coffeebreak #morningfuel #espresso #coffee #beans #capsule #machine #lavazza #lavazzacoffee #lavazzacoffee #lavazzaamodomio #lavazzaespress #coffeeholic #coffeelover #lebanon #lebanese #beirut #italy #italian #technology"	05/06/2023 16:03:58	tinyeco	Instagram	True	instagram.com
