postCaption	commentsCount	postTimeStamp	postUrl	model
"Lavazza A Modo Mio Tiny Eco ‚Äì MicƒÉ √Æn dimensiuni, mare √Æn performan»õƒÉ! ‚ú®‚òï

TransformƒÉ-»õi dimine»õile cu Lavazza A Modo Mio Tiny Eco, aparatul de cafea compact »ôi elegant care aduce aroma Italiei direct √Æn cea»ôca ta. Perfect pentru orice bucƒÉtƒÉrie, aceastƒÉ bijuterie √Æ»õi oferƒÉ o cafea delicioasƒÉ cu doar o simplƒÉ atingere.

üí° De ce sƒÉ alegi Tiny Eco?
‚úîÔ∏è Design compact »ôi modern
‚úîÔ∏è U»ôor de utilizat ‚Äì un singur buton pentru tot
‚úîÔ∏è Compatibil cu capsule Lavazza A Modo Mio
‚úîÔ∏è Prietenos cu mediul ‚Äì fabricat din materiale reciclate

üìç Loca»õie: Str. Columna 171, Chi»ôinƒÉu
üìû Contact: +373 780 13 554
üåê Luxurycafe.md

üõí Vino la Luxurycafe »ôi descoperƒÉ Lavazza Tiny Eco ‚Äì micƒÉ, practicƒÉ »ôi gata sƒÉ-»õi transforme fiecare cea»ôcƒÉ √Æntr-un moment special!

 #LuxuryCafe #LavazzaTinyEco #CafeaPerfectƒÉ #Chi»ôinƒÉu"		2024-12-06T09:05:16.000Z	https://www.instagram.com/p/DDOzJ_SKTqo/	tinyeco
"‚òïüåø FƒÉ o alegere responsabilƒÉ pentru mediu cu Lavazza A Modo Mio Tiny Eco Red! üåø‚òï

√éncepe-»õi ziua cu o cafea perfectƒÉ »ôi contribuie la protejarea mediului cu Tiny Eco, prima ma»ôinƒÉ Lavazza A Modo Mio realizatƒÉ din plastic reciclat. Simplitatea plinƒÉ de culoare √Æntr-o formƒÉ compactƒÉ »ôi elegantƒÉ, care se potrive»ôte perfect √Æn orice spa»õiu.

Lavazza A Modo Mio Tiny Eco este frumoasƒÉ, compactƒÉ »ôi extrem de practicƒÉ: un singur buton pentru a pregƒÉti cafeaua, a porni »ôi a opri ma»ôina.

üìç Loca»õie: Str. Columna 171, Chi»ôinƒÉu
üìû Contact: +373 780 13 554
üåê ViziteazƒÉ-ne: Luxurycafe.md

‚è∞ Orar de lucru:
Luni - Vineri: 09:00 - 18:00
S√¢mbƒÉtƒÉ: 09:00 - 12:00

Vino la showroom-ul nostru sƒÉ descoperi Lavazza A Modo Mio Tiny Eco Red »ôi sƒÉ √Æncepi ziua cu un gest responsabil pentru mediu »ôi o cafea extraordinarƒÉ! #LuxuryCafe #LavazzaTinyEco #CafeaResponsabila #Chi»ôinƒÉu"		2024-06-17T08:59:57.000Z	https://www.instagram.com/p/C8T50hkqRAq/	tinyeco
"""Porta l'arte del caff√® direttamente nella tua cucina con la macchina da caff√® Lavazza Tiny Eco! Goditi l'autentico gusto dell'espresso italiano con un gesto sostenibile. Con il suo design compatto ed eco-friendly, √® la scelta perfetta per un caff√® delizioso e responsabile. üìçUnieuro Sauna Gela Via Niscemi, 14
Oppure contattaci
üì±3475644563
üì•unieurogela@gmail.com üåø‚òï #LavazzaTinyEco #Caff√®Sostenibile #EspressoItaliano #Bont√†EcoCompatibile #GustoResponsabile #Caff√®DiQualit√† #SaporeSostenibile #CucinaEco #CaffettieraModerna #BevandeDeliziose #AmantiDelCaff√®"		2023-08-29T18:13:28.000Z	https://www.instagram.com/p/CwicQVTsM60/	tinyeco
"Le nostre macchine per caff√® ‚ÄúLAVAZZA A MODO MIO‚Äù, tutte in sconto! üì£APPROFITTANE! 
‚Ä¢ Lavazza Tiny Eco 79‚Ç¨
‚Ä¢ Lavazza Julie 89‚Ç¨
‚Ä¢ Lavazza Julie Plus 99‚Ç¨ 
Vi aspettiamo nel nostro negozio di via Manfredi! 
#tuttocapsule #ilcaff√®buono #lavazza #lavazzaamodomio #lavazzatinyeco #lavazzajolie #lavazzajolieplus #coffeetime"	1.0	2023-09-02T13:30:48.000Z	https://www.instagram.com/p/CwsPFk2ofo2/	tinyeco
"In occasione delle Nitto ATP Finals Lavazza presenta la macchina A Modo Mio Tiny Eco abbinata alle capsule compostabili Tierra Bio Organic. Scopri di pi√π leggendo la nostra news di oggi (link in bio) https://www.vendingnews.it/la-nuova-lavazza-a-modo-mio-tiny-eco-e-le-capsule-compostabili-tierra-bio-organic/

@lavazzait #lavazza #lavazzatinyeco #amodomio #tierrabioorganic #caff√® #macchinedacaff√® #vending #distribuzioneautomatica #distributoriautomatici #vendingmachine #vendingmachines #vendingnews"		2022-11-18T15:27:28.000Z	https://www.instagram.com/p/ClG3fnfovM4/	tinyeco
"Some images from the @lavazzaofficial coffee machine Tiny Eco adv campaign made for Wedoo agency.
.
.
Alcune immagini dalla campagna pubblicitaria di Lavazza per la macchina da caff√® Tiny Eco, realizzate per l‚Äôagenzia Wedoo.

#lavazza #lavazzacoffee #tinyeco #lavazzatinyeco #render #rendering #madeinitaviz #cg #advrender"	2.0	2023-05-03T06:23:54.000Z	https://www.instagram.com/p/CrxVQF3sX-8/	tinyeco
"In occasione delle Nitto ATP Finals Lavazza presenta la macchina A Modo Mio Tiny Eco abbinata alle capsule compostabili Tierra Bio Organic. Scopri di pi√π leggendo la nostra news di oggi (link in bio) https://www.vendingnews.it/la-nuova-lavazza-a-modo-mio-tiny-eco-e-le-capsule-compostabili-tierra-bio-organic/

@lavazzait #lavazza #lavazzatinyeco #amodomio #tierrabioorganic #caff√® #macchinedacaff√® #vending #distribuzioneautomatica #distributoriautomatici #vendingmachine #vendingmachines #vendingnews"		2022-11-18T15:27:31.000Z	https://www.instagram.com/p/ClG3f8JIkFE/	tinyeco
"Some images from the @lavazzaofficial coffee machine Tiny Eco adv campaign made for Wedoo agency.
.
.
Alcune immagini dalla campagna pubblicitaria di Lavazza per la macchina da caff√® Tiny Eco, realizzate per l‚Äôagenzia Wedoo.

#lavazza #lavazzacoffee #tinyeco #lavazzatinyeco #render #rendering #madeinitaviz #cg #advrender"	2.0	2023-05-03T10:51:12.000Z	https://www.instagram.com/p/Crxz14yMFdH/	tinyeco
"Some images from the @lavazzaofficial coffee machine Tiny Eco adv campaign made for Wedoo agency.
.
.
Alcune immagini dalla campagna pubblicitaria di Lavazza per la macchina da caff√® Tiny Eco, realizzate per l‚Äôagenzia Wedoo.

#lavazza #lavazzacoffee #tinyeco #lavazzatinyeco #render #rendering #madeinitaviz #cg #advrender"	1.0	2023-05-03T08:51:16.000Z	https://www.instagram.com/p/CrxmHbqM2zM/	tinyeco
"‚òïüíö Noutate la Luxurycafe! Lavazza A Modo Mio Tiny Eco acum √Æn culoarea Verde! üíö‚òï

Simplitate plinƒÉ de culoare, dimensiuni reduse »ôi un design care aduce o notƒÉ vibrantƒÉ dimine»õilor tale! Lavazza A Modo Mio Tiny ECO este partenerul ideal pentru o cafea rapidƒÉ »ôi savuroasƒÉ. Cu un singur buton, aceastƒÉ ma»ôinƒÉ de cafea compactƒÉ √Æ»õi oferƒÉ tot ce ai nevoie ‚Äì porne»ôte, preparƒÉ »ôi opre»ôte, simplu »ôi eficient!

üìç Loca»õie: Str. Columna 171, Chi»ôinƒÉu
üìû Contact: +373 780 13 554
üåê https://luxurycafe.md/ro/coffee/lavazza/a-modo-mio-tiny-eco-green

AdaugƒÉ o patƒÉ de culoare »ôi practicƒÉ dimine»õilor tale cu Lavazza Tiny ECO Green! #LuxuryCafe #LavazzaTinyEco #CafeaVerde #Chi»ôinƒÉu"		2024-11-08T20:16:58.000Z	https://www.instagram.com/p/DCH5xP6NtPU/	tinyeco
"üå± Embracing sustainability with my morning brew! ‚òïÔ∏è The Lavazza A Modo Bio Tiny Eco is more than just a coffee machine; it‚Äôs a conscious choice! ‚ôªÔ∏è Crafted from recycled plastic, it‚Äôs stylish, eco-friendly, and makes a mean cup of coffee. ‚òïÔ∏è Let‚Äôs brew responsibly! @lavazzauk #SustainableSips #EcoFriendlyBrew #LavazzaTinyEco üåøüåç

Big up @ned.farr for the üì∏ üî•"	5.0	2023-12-09T15:27:24.000Z	https://www.instagram.com/p/C0oyVRYo9VY/	tinyeco
"üì£üì£Novit√†
Lavazza A Modo Mio Tiny Eco!
Nella sua piccolezza, Tiny Eco  √® una grande macchina da caff√® Lavazza.. √à bella, compatta e soprattutto pratica: un singolo bottone pu√≤ essere usato per preparare il caff√®, accendere e spegnere la macchina...

#epacafe #novita2023 #lavazzatinyeco"		2023-04-28T15:09:05.000Z	https://www.instagram.com/p/CrlZYSIoQXY/	tinyeco
"La macchina espresso LAVAZZA A Modo Mio Tiny ECO, realizzata con plastica riciclata‚ôªÔ∏è, √® protagonista in store.

Nostro il coordinamento e la gestione sia logistica che operativa nella realizzazione di queste aree promozionali di forte impatto che accompagnano anche un importante messaggio di sostenibilit√†üíö.
.
.
.
#bboardcom #Lavazza #AModoMio #TinyEco #lavazzatinyeco #sostenibilit√† #fieldmarketing #instorepromotion #trademarketing #brandactivation #posactivation #merchandiser"		2024-03-30T11:23:51.000Z	https://www.instagram.com/p/C5IvfVho8dm/	tinyeco
"Novit√† in casa Lavazza.
Con Tiny Eco fai una scelta responsabile per l'ambiente. La prima macchina Lavazza A Modo Mio realizzata con plastica riciclata. 
Piccola, Facile e Colorata.

#vieniascoprirelanuovacollezione #lavazza #lavazzaamodomio #lavazzatinyeco #novit√† #novit√†incasalavazza #piccola #facile #colorata #eco #plasticariciclata #capsulelavazza #caffelavazza #tuttiicoloridisponibili 
#tronynoncisonoparagoni 
@lavazzait @lavazzaofficial @trony_vibo"		2022-10-15T12:10:33.000Z	https://www.instagram.com/p/Cju98CMMnln/	tinyeco
"Sorprendi i tuoi sensi con la Lavazza Tiny Eco a soli ‚Ç¨119,00! ‚òï‚ú® 
Offerta speciale per rendere il Natale ancora pi√π delizioso.

 #LavazzaTinyEco #PromozioneNatalizia #regicaffe #coffee #promo"		2023-12-21T14:42:48.000Z	https://www.instagram.com/p/C1HmxFGIPl0/	tinyeco
"‚òï‚ú® Lavazza Des√©a ‚Äì Barista ta personalƒÉ, direct la tine acasƒÉ! ‚ú®‚òï

Cu Lavazza Des√©a, fiecare cea»ôcƒÉ de cafea devine o experien»õƒÉ unicƒÉ. BucurƒÉ-te de 5 re»õete delicioase pe bazƒÉ de lapte »ôi 4 mƒÉrimi diferite de cafea, toate cu o simplƒÉ atingere! Aparatul vine cu o interfa»õƒÉ tactilƒÉ intuitivƒÉ »ôi o canƒÉ de sticlƒÉ elegantƒÉ, pentru un moment de rƒÉsfƒÉ»õ absolut.

üìç Loca»õie: Str. Columna 171, Chi»ôinƒÉu
üìû Contact: +373 780 13 554
üåê Luxurycafe.md

‚è∞ Program:
Luni - Vineri: 09:00 - 18:00
S√¢mbƒÉtƒÉ: 09:00 - 12:00

üõí Vino la Luxurycafe »ôi descoperƒÉ cum Lavazza Des√©a √Æ»õi transformƒÉ ritualul cafelei √Æntr-o adevƒÉratƒÉ artƒÉ! #LuxuryCafe #LavazzaDesea #CafeaPremium #Chi»ôinƒÉu"		2024-10-28T12:03:26.000Z	https://www.instagram.com/p/DBqsi1HqF0B/	desea
"#LavazzaDesea colore brown 
Grazie per la foto di una nostra cliente üòÉüîù‚òïü•õ

#dittamanag√≤lavazza #lavazza #lavazzaamodomio #spedizionegratuita #consegna24h #sempreaperti #qualit√†rossa #qualit√†oro #colazione #cappuccino"		2023-02-13T19:02:53.000Z	https://www.instagram.com/p/ConRT7JsvcH/	desea
"Avvicinati al mondo dei tuoi attori preferiti con Lavazza ‚òï
Partecipa al concorso ‚ÄúUn Caff√® per la Ripartenza‚Äù e scopri subito se hai vinto una macchina caff√® con un set da 144 capsule!
‚ùóÔ∏è‚ùóÔ∏è‚ùóÔ∏èInoltre, parteciperai all'estrazione finale per aggiudicarti una delle 10 visite sul set di Mare Fuori a Napoli durante le ripreseüåä, alloggio in hotel e trasferimento inclusiüí•üí•üí•
Info e regolamento sul sito (link in bio).

#tentalafortuna #promo360it #provaavincere #premio #instantwin #vinci #concorso #vincisubito #concorsoapremi #estrazionefinale #lavazza #concorsolavazza #lavazzaamodomio #lavazzadesea #capsulelavazzaamodomio #capsulelavazza #lavazzacremaegusto #marefuori #marefuoririprese #marefuoriset #marefuorinapoli"		2024-04-03T10:38:57.000Z	https://www.instagram.com/p/C5S9h_7oD4K/	desea
"Your Lavazza coffee, just the way you like it. 

Choose the Lavazza DESEA machine for perfect 1-touch, 1-pod espressos, cappuccinos and lattes with fresh milk.

Enjoy free delivery when you buy any Lavazza coffee machine.

üì∑: @lavazzamalta
#thestoremalta #maltashopping #lavazza #lavazzacoffee #lavazzapods #lavazzadesea"		2022-08-08T07:00:04.000Z	https://www.instagram.com/p/Cg_UWb9LQUK/	desea
"Chiamaci e scegli il tuo colore preferito 3492196347 üì¶üîù

#dittamanag√≤lavazza #lavazza #caff√® #lavazzaamodomio #lavazzadesea #desea #cappuccino #bedandbreakfast #colazione #coffe #coffee #spedizioneintuttaitalia #offerta"		2022-03-04T23:34:15.000Z	https://www.instagram.com/p/Cas1UwEscYS/	desea
"üö® Sondaggio chiuso üö®

Avete votato in tantissimi, GRAZIE!

Ecco i nostri THE BEST allestimenti in store scelti da voi!

Hipro per Danone üí™
Maxi Desea per Lavazza ‚òïÔ∏è
Milka per Mondelez üç´

Allestimenti unici ma tutti con lo stesso comune denominatore: passione, esperienza, competenza, cura del dettaglio, ma soprattutto lavoro di squadra!

‚û°Ô∏è al prossimo sondaggio, stay tuned ü§ô
.
.
.
#bboardcom #instoremarketing #fieldmarketing #instorepromotion #gdo #merchandiser #sondaggio #risultatisondaggio #danone #hipro #lavazza #lavazzadesea #mondelez #mondelezitalia #milka"		2024-01-22T12:41:56.000Z	https://www.instagram.com/p/C2ZyXvio3sa/	desea
"Oggi ringraziamo una nostra nuova cliente che ha da poco acquistato la #LavazzaDesea  colore black üòÅ

#dittamanag√≤lavazza #lavazza #caff√® #lavazzaamodomio #sempreaperti #capsulelavazza #cappuccino #colazione #black #coffetime"		2023-02-14T12:24:43.000Z	https://www.instagram.com/p/CopIiktsqwe/	desea
#cappuccino #cappuccinofattoincasa #macchinettadacaffe #lavazzadesea #buonissimo		2022-12-13T07:20:39.000Z	https://www.instagram.com/p/CmGXqZLo2gg/	desea
"Lavazza Des√©a Coffee Machine
Elegant and modern

Featuring an intuitive touch interface and a refined glass mug, enjoying your favourite recipes has never been so easy, allowing you to prepare your drink types with a single touch. It comes with 4 coffee size selections and 5 drink selections, including cold frothing. Technology, simplicity, user-friendliness and reliability combined.

We‚Äôre open from 9am - 6pm Monday - Saturday. Inquire online or in-store today!

Deposit Secures Any Item!
Call Us: (066) 712 2974
Email: info@hughculloty.ie
www.hughculloty.ie

#lavazza #coffee #desea #lavazzadesea #italian #coffeemachine #smallappliances #kitchen #kitchendesign #wakeupandsmellthecoffee #health #supportlocal #tralee"	1.0	2022-06-27T05:42:38.000Z	https://www.instagram.com/p/CfTCECcDt2i/	desea
"DES√âA Lavazza ‚òïÔ∏è‚òïÔ∏è

#lavazza #ph #lavazzadesea #barcroce #lavazzacoffee #cappuccino #caffe 

@lavazzaofficial"		2022-05-19T15:23:14.000Z	https://www.instagram.com/p/Cdvpi8Ktccl/	desea
üí™üèº grazie @anna_alice_leo_ per aver scelto la magnifica Des√©a ‚òïÔ∏è Sistema touch ‚ú® #lavazzadesea#desea#lavazzaamodomio		2022-11-24T08:40:38.000Z	https://www.instagram.com/p/ClVlthzAqSm/	desea
"Pa nj√´ kafe t√´ mir√´, dita nuk fillon! üòå
K√´naquni me nj√´ kafe plot arom√´ n√´ m√´ngjes, q√´ e p√´rgatisni vet√´m me prekjen t√´ nj√´ butoni. Shijoni Latte t√´ p√´rsosur me aparatin Lavazza Desea. üëå

Brendet e njohura t√´ kafes√´, q√´ mund t√´ p√´rdoren n√´ k√´t√´ aparat jan√´:
‚Ä¢ Lavazza
‚Ä¢ Vergnano
‚Ä¢ Borbone
‚Ä¢ Pagliero
‚Ä¢ Dolce Vita
‚Ä¢ Kimbo
dhe shum√´ brende tjera.

‚ñ™Ô∏èDeÃàrgesa me posteÃà kudo neÃà KosoveÃà üöõ
‚ñ™Ô∏èPorosit neÃà faqen toneÃà ose thirr neÃà ùüéùüíùüë ùüñùüéùüé ùüóùüìùüé ‚òéÔ∏è
‚ñ™Ô∏èPorosit online neÃà www.tuttocapsule-ks.com üåê
‚ñ™Ô∏èRr. Migjeni, nr 24 (te Qafa), PrishtineÃà üìç
Gjeje shijen teÃànde... meÃà shumeÃà se 500 shije, veteÃàm neÃà Tuttocapsule!

#tuttocapsule #coffee #coffeemachine #lavazzadesea #lavazzaamodomio"		2021-05-27T08:25:27.000Z	https://www.instagram.com/p/CPXp6eLKb8n/	desea
"#techtuesday 
Save now on our Lavazza a Modo Mio Des√©a range - instore & online at www.drinaghhardware.ie
‚òï‚òï‚òï

#lavazza #lavazzacoffeemachine #coffee #coffeemachine #lavazzadesea 
#drinaghonline #drinaghcoop"		2023-09-12T15:48:01.000Z	https://www.instagram.com/p/CxGOvT1IGYp/	desea
"Nuova Lavazza #desea appena acquistata da un nostro cliente soddisfatto üòä‚òïüí™üì¶

Chiamaci per averla anche tu al 3492196347

#dittamanag√≤lavazza #lavazza #caff√® #coffetime #lavazzaamodomio #desea #lavazzadesea #amodomio #capsulelavazza #consegnaadomiciliogratuita #spedizioneintuttaitalia #spedizionegratuita #cappuccino"		2022-03-03T20:29:31.000Z	https://www.instagram.com/p/Cap7Y3FM2ap/	desea
Un vero espresso italiano a casa tua ogni volta che vuoi, grazie al Sistema Lavazza A Modo Mio. Macchine per espresso e capsule originali Lavazza A Modo Mio nate da anni di esperienza e ricerca di innovazione per offrirti un gusto unico in ogni tazzina. @lavazzaofficial #lavazzaamodomio #lavazzadesea #lavazzajolie #lavazzatiny #caffelavazza #caffeborbone #tronynoncisonoparagoni #ilbuongiornosivededalcaff√® #macchinadacaff√© #profumodicaff√® #colori		2022-10-05T11:11:21.000Z	https://www.instagram.com/p/CjVHNunsnov/	desea
"Nuova cliente con la bella #lavazzadesea colore #white 

www.facebook.com/DittaManagoLavazza 

#dittamanag√≤lavazza #lavazza #caff√® #lavazzaamodomio #cappuccino #bandb #bedandbreakfast #spedizioneintuttaitalia #spedizionegratuita"		2023-02-10T21:47:14.000Z	https://www.instagram.com/p/Cof1vAhsRG0/	desea
"So, you like Coffee? So do we! When you stay with us you can feel free to choose which LavAzza you would like, cappuccino,latte, short black, etc. Its your choice and the Desea machine is so easy to use and the best part for our guests is, its complimentary! 
#drglovershouseairbnb #visitgoondiwindiregion #texasqld4385 #dumaresqvalley. #LavazzaDesea

https://www.airbnb.com/h/drglovershousetexasqld4385"		2021-11-11T20:17:54.000Z	https://www.instagram.com/p/CWJhBvahIY9/	desea
"Dolcezze buongiorno e buon sabato ‚òÄÔ∏è‚òÄÔ∏è‚òÄÔ∏è
Oggi ho bisogno di chiedervi un consiglio ü§©
Ho in mente di cambiare la mia macchinetta del caff√® (Ho la Lavazza a modo mio,che tra l‚Äôaltro non √® pi√π in produzione)‚Ä¶ il caff√® √® ottimo, l‚Äôunica pecca √® che non ha il contenitore per le cialde üòñ
Dunque, da buon amante di cappuccini, sono indecisa tra questi due modelli ‚§µÔ∏è: 
ü•á Lavazza A modo mio Desea 
ü•à Nespresso Lattissima One 

Sono curiosa di sapere voi cosa ne pensate? Pro e contro di una e dell‚Äôaltra? Se ce l‚Äôavete come vi trovate? 
Perch√® io sono in crisi e super indecisa ü§£‚ô•Ô∏è

#lavazzadesea #nespressolattissima #nespressolatte #homedecor #homesweethome #loveislove #house #decor #tips #love #mummy #mumlife #mumblog"	29.0	2024-08-17T10:56:24.000Z	https://www.instagram.com/p/C-xLo81giI_/	desea
"TransformƒÉ fiecare cea»ôcƒÉ de cafea √Æntr-un moment de rafinament cu Lavazza Des√©a. Acest aparat modern combinƒÉ simplitatea cu tehnologia, oferindu-»õi:

‚úîÔ∏è 5 re»õete delicioase pe bazƒÉ de lapte
‚úîÔ∏è 4 dimensiuni diferite de cafea, exact a»ôa cum √Æ»õi place
‚úîÔ∏è Interfa»õƒÉ tactilƒÉ intuitivƒÉ pentru o utilizare u»ôoarƒÉ
‚úîÔ∏è Design elegant cu canƒÉ de sticlƒÉ rafinatƒÉ

Fie cƒÉ visezi la un cappuccino cremos sau la un espresso perfect, Lavazza Des√©a este partenerul ideal pentru a aduce gustul cafelei italiene la tine acasƒÉ.

üìç Loca»õie: Str. Columna 171, Chi»ôinƒÉu
üìû Contact: +373 780 13 554
üåê Luxurycafe.md

üõí Vino la Luxurycafe »ôi lasƒÉ Lavazza Des√©a sƒÉ-»õi transforme dimine»õile √Æn momente de rƒÉsfƒÉ»õ absolut! 
#LuxuryCafe #LavazzaDesea #CafeaPremium #BaristaLaTineAcasƒÉ #Chi»ôinƒÉu"		2024-11-25T07:00:19.000Z	https://www.instagram.com/p/DCyQHSus_3C/	desea
"Lavazza Coffee Machines
Italy's Favourite Espresso

Lavazza Easter Offers - Save up to ‚Ç¨50 on Lavazza A Modo Mio machines! Check them out in-store or online through our online store. 

We‚Äôre open from 9am - 6pm Monday - Saturday. Inquire online or in-store today!

Deposit Secures Any Item!
Call Us: (066) 712 2974
Email: info@hughculloty.ie
www.hughculloty.ie

#lavazza #smeg #jolie #desea #lavazzajolie #lavazzadesea #lavazzasmeg #sale #salenowon #coffee #italian #elegent #modern #coffeemachine #espresso #amodomio #barista #onlineshop #clickandcollect #tralee #supportlocal"		2022-04-04T18:50:04.000Z	https://www.instagram.com/p/Cb8JTsbjSjD/	desea
#dittamanag√≤lavazza #lavazza #caff√® #coffetime #coffelovers #lavazzaamodomio #qualit√†oro #lavazzadesea #spedizioneintuttaitalia #coffee		2022-11-23T16:47:24.000Z	https://www.instagram.com/p/ClT4n2FM3TG/	desea
"Per ordinarla cel. 3492196347üòâ‚òïüì¶

www.facebook.com/DittaManagoLavazza 

#dittamanag√≤lavazza #lavazza #caff√® #lavazzaamodomio #lavazzadesea #desea #cappuccino #spedizioneintuttaitalia #spedizionegratuita
#qualit√†rossa #qualit√†oro #cremaegusto #lavazza"	1.0	2023-02-08T20:33:36.000Z	https://www.instagram.com/p/Coajt-FM0fQ/	desea
"Lavazza Desea
The more goes down, the more it picks you up!

The elegant and modern Des√©a features an intuitive touch interface and a refined glass mug. Enjoying your favourite recipes has never been so easy.

We‚Äôre open from 9am - 6pm Monday - Saturday. Inquire online or in-store today!

Deposit Secures Any Item!
Call Us: (066) 712 2974
Email: info@hughculloty.ie
www.hughculloty.ie

#lavazza #coffee #desea #lavazzadesea #italian #coffeemachine #health #supportlocal #tralee"		2022-01-09T11:45:16.000Z	https://www.instagram.com/p/CYghNeNtmtT/	desea
"‚ú® DescoperƒÉ arta cafelei autentice! ‚òïÔ∏è

La Luxurycafe, te a»ôteptƒÉm cu cele mai rafinate capsule Lavazza A Modo Mio »ôi aparatul de cafea Lavazza Des√©a. SavureazƒÉ fiecare moment cu o cafea perfectƒÉ, pregƒÉtitƒÉ exact a»ôa cum √Æ»õi place! üåü

üëâ Vino la showroom-ul nostru de pe Str. Columna 171, Chi»ôinƒÉu, »ôi lasƒÉ-te sedus de aroma inconfundabilƒÉ a cafelei italiene de calitate superioarƒÉ.

üìû Pentru mai multe detalii, ne po»õi contacta la 0780 13 554.

#Luxurycafe #LavazzaAModoMio #LavazzaDesea #CoffeeLovers #Chi»ôinƒÉu #CafeaDeLux"		2024-05-15T08:05:19.000Z	https://www.instagram.com/p/C6-1VdLKcZb/	desea
"üáÆüáπ
Dietro ad ogni prodotto di successo c‚Äô√® sempre un processo di studio e sperimentazione che parte dalle penne dei designer e arriva al prodotto finito. Per questa edizione limitata D√®sea @lavazzait disegnata da @gufram e presentata al Fuorisalone 2019, gli stylist delle due aziende hanno scelto di affidare a Kaos Design la complessa finitura estetica. L‚Äôobiettivo era ricreare la medesima tinta metallica degli iconici pakaging del caffe in color oro. Il reparto Kolors di Kaos Design ha dovuto modificare il versatile ciclo Metal-K in una versione in grado di non alterare la struttura dei prototipi, realizzati con la tecnica della stereolitografia.
Trovato il ciclo di verniciatura, √® inziata la fase di creazione del colore. Il risultato √® D√®sea Lavazza elegantemente vestita Metal-K oro satinato e finito lucido.
Per saperne di pi√π visita il nostro sito! 

üá¨üáß
Behind every successful product there is always a process of study and experimentation that starts at the drawing board of the designers and arrives at the finished product. For this limited edition D√®sea @lavazzait designed by @gufram and presented at Fuorisalone 2019, the stylists of the two companies chose to entrust Kaos Design with the complex aesthetic finish. The aim was to recreate the same metallic hue as the iconic coffee packaging. Kaos Design's Kolors department had to modify the versatile Metal-K cycle into a version that would not alter the structure of the prototypes, which were made using the stereolithography technique. Once the painting cycle was found, the colour creation phase began. The result is D√®sea Lavazza elegantly dressed Metal-K satin gold and glossy finish.
To find out more visit our website! 

#kaos_design #lavazza #caffe #custom #fuorisalone #gold #salonedelmobile #lavazzadesea #design #customdesign #metalk¬† #luxury #custom"		2022-03-17T18:35:24.000Z	https://www.instagram.com/p/CbNxdQYNvFb/	desea
"üåü DescoperƒÉ rafinamentul √Æn fiecare cea»ôcƒÉ de cafea cu aparatul Lavazza Desea! 

Luxurycafe te invitƒÉ sƒÉ experimentezi arta cafelei la cel mai √Ænalt nivel! Aparatul de cafea Lavazza Desea este partenerul perfect pentru a-»õi √Æncepe ziua √Æntr-un mod elegant »ôi savuros. 
Disponibil √Æn 3 culori elegante - alb, negru »ôi maro, acest aparat √Æ»õi aduce aroma perfectƒÉ √Æntr-un mod simplu »ôi rapid.

BeneficiazƒÉ acum de pre»õul special de 5200 lei »ôi adaugƒÉ un strop de rafinament √Æn rutina ta zilnicƒÉ! Vino √Æn showroomul nostru de pe üìçstr. Columna 171, Chi»ôinƒÉu, pentru a-l vedea »ôi testa √Æn ac»õiune.

Pentru mai multe detalii »ôi comenzi, sunƒÉ la ‚òé0780 13 554. 
Nu rata »ôansa de a avea propriul tƒÉu barista personal acasƒÉ! ‚òï‚ú®

 #Luxurycafe #LavazzaDesea #AparatDeCafea #RafinamentCulinar"		2024-03-04T10:22:55.000Z	https://www.instagram.com/p/C4Fr2c3q4_m/	desea
"üêæ IT'S MY GOTCHA DAY! üêæ

Today is a special day - it's the day I found my furever home üíõ 

One year ago, my dad raced 2hrs north to Morriset to pick me up. Another lockdown was due to start at midnight that day, which meant my pawrents had to make the decision to pick me up earlier than expected. 

I was 6 months old at the time. According to my breeder, my original owner had fallen through when I was younger. Then, my breeder decided to keep me so I could find fame and glory as a show cat but due to covid - there were no shows! So my breeder made the difficult decision to give me up. 

And here I am! I'm heavily loved on by my mum and dad. I chase ribbons all day, steal pen lids, eat books and feature in my mum's work reviews! I spent the morning snuggling in bed with meowmy before knocking every object off her side table until she decided to get up ü•∞ She wouldn't change anything for the world though! 

#ragdoll #ragdollkitten #ragdollcat #ragdollsofinstagram #catsofinstagram #catlover #instacats #petsofinstagram #catsofaustralia #catworld #catstagram #dailyfluff #pet_delight #kittensofinstagram #petoftheday #catoftheday #catsdaily #catsoftheworld #misspearlyroo #meowsofaustralia #hillspetau #featured_whiskers #meowfeature #meowstagram #hoomanswithcats #cutestpetsofaustralia #lavazzacoffeemachine #lavazzadesea #lavazzaaustralia"	8.0	2022-07-02T01:58:30.000Z	https://www.instagram.com/p/CffgbZZJFXn/	desea
"A sleek matching Italian design for the unmistakable pleasure of a silky-smooth Italian coffee. Indulge in a #Beautiful caf√© quality espresso from the comfort of your home with Lavazza A Modo Mio Smeg.

#CoffeeLovers
#LavazzaAUS
#AModoMioSMEG
#Lavazza

üì∏ @ballina_loft"	6.0	2022-06-07T07:31:34.000Z	https://www.instagram.com/p/Cefuq_GpA6d/	amodomiosmeg
"Our Lavazza A Modo Mio SMEG coffee machine features an unmistakable design. That intensifies your style and appreciation for quality.
üòç

üì∏ @cheryl.law_ 

#CoffeeLovers
#LavazzaAUS
#AModoMioSMEG
#Lavazza"	1.0	2022-07-22T07:23:23.000Z	https://www.instagram.com/p/CgTlgW6sC7g/	amodomiosmeg
"Treat your Dad with the gift of coffee this Father‚Äôs Day! ‚òïÔ∏è

For a limited time only, get $50 Cashback when you purchase a Lavazza A Modo Mio SMEG or Desea coffee machine! 

Plus mention code: COFFEELOVER at the time of ordering online or instore and receive 2 Bonus Boxes of Lavazza Capsules! 

Offer ends 7th September 2022, don‚Äôt miss out!

View full promo details here > https://bit.ly/3QNuF1e

#berloniappliances #lavazzaAUS #AModoMioSMEG"	2.0	2022-08-16T04:33:22.000Z	https://www.instagram.com/p/ChTp69-lf7i/	amodomiosmeg
"Discover a mesmerizing fusion of style and functionality within our Home Appliance Design Award winners. From cutting-edge technology to sleek, minimalist designs, these award-winning appliances elevate your living spaces to new heights. Here are our top winners for A' Design Award Home Appliances Category 2022 - 2023:

- Nikolatesla Unplugged Extractor Induction Hob With Knobs by Elica - Fabrizio Crisa

- A6Plus Television by Konka Industrial Design Team

- Legee D8 Vacuum Mop Robot by Hobot Technology Inc.

- Satuo F7 Intelligent Vacuum and Mop Cleaner by Jing Zhao, Pengwei Wang and Kaili Chen

- Lavazza Tiny Eco Espresso Machine by Florian Seidl

- Chandelier Type Range Hood by Zhongshan Tianmei Electrical Appliances Co., Ltd.

- Yimu Q7 Water Purifier With Analyzing System by Shenzhen Yimu Technology Co., Ltd

- AF007 Single Dose Coffee Grinder by Nicola Zanetti and Federico Gonzales Bosque

- Albi Home Smart Wine Dispencer by Emanuele Pangrazi

- Hydrowash Washing Machine by Vishwaksen Shekhawat and Chandradhar S.

#adesignaward #adesigncompetition #homeappliance #hometechnology #technology #innovation"		31/05/2023 13:54:37	https://www.instagram.com/p/Cs6BW3rtBOu	tinyeco
Lavazza  a modo mio tiny eco  #macchinadelcaff√® #caff√® #lavazza		31/05/2023 13:51:50	https://www.instagram.com/p/Cs6BCYGLHx1	tinyeco
"Experience the rich and creamy taste of the  Decremosa capsule perfectly brewed by the Tiny coffee machine. Don‚Äôt miss out on this incredible coffee experience! 

Lavazza A Modo Mio Tiny Coffee Machine available in Red, Cyan, Black and White. 

#lavazzalove #coffeebreak #morningfuel #espresso #coffee #beans #capsule #machine #lavazza #lavazzacoffee #lavazzacoffee #lavazzaamodomio #lavazzaespress #coffeeholic #coffeelover #lebanon #lebanese #beirut #italy #italian #technology"		05/06/2023 16:03:58	https://www.instagram.com/p/CtHIIpUILrk	tinyeco
"Nuova lavazza Tiny 
#macchinecaff√® #lavazza #caffelavazza #amodomio #lavazzaamodomio #tiny #nuovicolori #nuovomodello #reggiocalabria #pellaro #mondogoloso #caff√®"		09/06/2023 09:00:36	https://www.instagram.com/p/CtQq3Rpty0U	tinyeco
"Lavazza‚Äôs tiny companion. 
Small in size but big on flavor.
Order your coffee machine on our website or by calling us on 03 398 558. 

#lavazzalove #coffeebreak #morningfuel #espresso #coffee #beans #capsule #machine #lavazza #lavazzacoffee #lavazzacoffee #lavazzaamodomio #lavazzaespress #coffeeholic #coffeelover #lebanon #lebanese #beirut #italy #italian #technology"		14/06/2023 14:06:28	https://www.instagram.com/p/CteF14foKFM	tinyeco
"A tiny machine for mighty practicality! 

Order yours now to benefit from the offer on the Lavazza Tiny machine for 99$, with a free box of capsules and free delivery. 

#lavazzalove #coffeebreak #morningfuel #espresso #mug
#coffee #beans #capsule #machine #lavazza #lavazzacoffee
#lavazzacoffee #lavazzaamodomio #lavazzaespress
#coffeeholic #coffeelover #lebanon #lebanese #beirut #italy
#italian #technology"		23/06/2023 12:19:07	https://www.instagram.com/p/Ct1EteaIVUd	tinyeco
"Tiny machine, HUGE savings

The Lavazza A Modo Mio Tiny Coffee Capsule Machine is compact, easy-to-use, affordable, and above all practical. With a single button, it turns on, turns off and prepares delicious coffee.

Visit our website for more information!

#Lavazza #Tiny #CoffeeMachine #CoffeeClick #lavazza"		26/06/2023 11:29:13	https://www.instagram.com/p/Ct8tYrrtXxa	tinyeco
"Our specialty is coffee and incredible offers! 

Today, we are offering you the Lavazza Tiny machine and a box of Espresso Divino capsules, for only 99$ and free delivery. 

Visit www.lavazzalebanon.com to orders yours and check out our other items. 

#lavazzalove #coffeebreak #morningfuel #espresso #mug
#coffee #beans #capsule #machine #lavazza #lavazzacoffee
#lavazzacoffee #lavazzaamodomio #lavazzaespress
#coffeeholic #coffeelover #lebanon #lebanese #beirut #italy
#italian #technology"		26/06/2023 10:55:54	https://www.instagram.com/p/Ct8pkk-sTa7	tinyeco
"Macchina per Caff√® Tiny Eco Lavazza A Modo Mio 
 a ‚Ç¨ 77,90 invece di 89,90 euro
 https://gat.to/z6lbc

Facile da usare, 64 capsule incluse per provare subito la macchina ed il caff√® Lavazza, un pulsante per l'erogazione, Potenza di 1450 W, Classe energetica A+.

#macchina #macchinaperilcaff√® #caff√® #tazzina #amodomio #lavazza #colazione #capsule #elettrico #offerta #promozione #sottocosto #sconto #Amazon"		26/06/2023 11:33:24	https://www.instagram.com/p/Ct8t3H_I-2z	tinyeco
"MINIMO STORICO 
Macchina per Caff√® Lavazza A Modo Mio Tiny Eco con 64 Capsule

https://t.me/blackfriday_point/4101

Offerte esclusive, sconti irresistibili e regali speciali saranno disponibili solo sul nostro canale Telegram. Unisciti a noi per accedere a un mondo di opportunit√† uniche che non troverai altrove!

 Black Friday Point su Telegram  t.me/blackfriday_point 

#eco #coffee #amazonit #caffeespresso #lavazzaqualitarossa #amazonitalia #affare #telegram #espresso #shoppingonline #colazione #risparmio #sconti #cialdecaffe #caffe #amodomio #lavazzaamodomio #convenienza #alimentari #bar #amazon #qualitarossa #cialde #casa #offertelimitate #alimenti #lavazza #promozioni #miglioriprezzi #minimoprezzo"		27/06/2023 19:30:37	https://www.instagram.com/p/CuAJQchJJhF	tinyeco
"#Lavazza, A Modo Mio Macchina per Caff√® Tiny Eco Nera con 64 Capsule 

 77,90‚Ç¨ da  89,90‚Ç¨ https://amzn.to/4423gzT

 Il prezzo potrebbe essere gi√† variato perch√© l'offerta √® stata qui pubblicata alle ore 17.30 #lavazza"		29/06/2023 17:31:06	https://www.instagram.com/p/CuFFLR8oTVi	tinyeco
"Nuova Lavazza Tiny Eco  compatibile con capsule A Modo Mio 
Tua in Acquisto a 89,90‚Ç¨ con Assistenza inclusa o in Comodato d'uso. 

Via Poppea Sabina 37-39-41
00131 Casal Monastero

#lavazza #coffeeshop_cialde #amodomio  #cappuccino #cialde #capsule #espresso #caff√® #coffee #espressoitaliano #caffetteria #caffetime #caffee #caffeespresso #roma #casalmonastero 
#lavazzarossa #lavazzacremaegusto"		11/07/2023 17:09:30	https://www.instagram.com/p/Cuj8QG6opNP	tinyeco
"Lavazza Tiny Eco 

Lavazza continua il suo impegno nei confronti della sostenibilit√† lanciando la sua prima macchina creata con plastica riciclata e con un packaging totalmente sostenibile. 
Il nuovo modello della gamma AMM sar√† infatti la prima macchina ad essere prodotta con plastica riciclata.
Molto semplice da usare e pensata per creare sempre un vero espresso italiano, la nuova macchina √® studiata per un pubblico giovane ed orientato al futuro.

 #SapuridAmuri , Lipari .

#Caff√© #AMM #Green #sostenibilit√†"		11/07/2023 19:55:15	https://www.instagram.com/p/CukPODDtc9P	tinyeco
"Piccola, ma potente. Scopri l'eccezionale Lavazza A Modo Mio Tiny Eco: il modo migliore per iniziare la giornata!
Vieni in negozio a scoprire tutte le varianti di colore disponibili.
 #Lavazza #lavazzacoffee #lavazzaamodomio"		10/08/2023 14:31:36	https://www.instagram.com/p/Cvw6BwZoVv0	tinyeco
"Do you want a brand new Lavazza A Modo Mio Tiny for under ‚Ç¨40?

The Lavazza A Modo Mio Tiny coffee machine is compact, easy to use, affordable, and above all practical!

Use code TINY to get a further 20% off

Visit our website to shop now: www.CoffeeClick.ie

#CoffeeClick #Lavazza #LavazzaAModoMio #LavazzaAModoMioTiny #CoffeeMachine #coffeemachine"		14/08/2023 16:37:36	https://www.instagram.com/p/Cv7boK_t0aC	tinyeco
"Le nostre macchine per caff√® ‚ÄúLAVAZZA A MODO MIO‚Äù, tutte in sconto! APPROFITTANE! 
‚Ä¢ Lavazza Tiny Eco 79‚Ç¨
‚Ä¢ Lavazza Julie 89‚Ç¨
‚Ä¢ Lavazza Julie Plus 99‚Ç¨ 
Vi aspettiamo nel nostro negozio di via Manfredi! 
#tuttocapsule #ilcaff√®buono #lavazza #lavazzaamodomio #lavazzatinyeco #lavazzajolie #lavazzajolieplus #coffeetime"		02/09/2023 15:30:48	https://www.instagram.com/p/CwsPFk2ofo2	tinyeco
"Nuove arrivate in casa Coffeeshop 

&quot; VOSTRE IN COMODATO D'USO GRATUITO a 19,90‚Ç¨ al mese&quot; 

 Nespresso Essenza Mini De Longhi 
 Lavazza Tiny Eco A Modo Mio
 Nescaf√® Dolce Gusto Piccolo XS Krups

 CASAL MONASTERO - Via Poppea Sabina 37-39-41 00131 ROMA
ALBERONE - Via Cesare Baronio 8 00179 ROMA

#coffeeshop_cialde #nespresso #lavazza #dolcegusto #casalmonastero #alberone #roma #cdqcasalmonastero #sanbasilio #tiburtina #pontemammolo #setteville #colleverde#caserosse #fontenuova #torlupara #settecamini#nomentana #casalboccone #bufalotta #marcosimone #vignenuove"		25/09/2023 10:44:56	https://www.instagram.com/p/Cxm8p3PNIXa	tinyeco
"Macchina caff√® 
+ capsule 

MACCHINA DA CAFF√à TINY ECO E CAPSULE TIERRA FOR PLANET!: La confezione include la macchina per caff√® A Modo Mio Tiny Eco e 64 capsule ¬°Tierra! for Planet TINY ECO √® La prima macchina Lavazza A Modo Mio realizzata con plastica riciclata: fai una scelta responsabile per l'ambiente. √à bella, compatta e pratica: un singolo bottone pu√≤ essere usato per preparare il caff√®, accendere e spegnere la macchina

LINK NELLE STORIE IN EVIDENZA 
|
|
|

#products #bestprice #migliorprodotto #migliorprezzo #consigliato #dovetrovarlo #dovelocompro #amazon #amazonmusthave #amazonfinds #musthave #macchinacaff√® #macchinettadelcaff√® #coffee #caff√® #capsule #frog #lavazza #riciclabile #eco #casa #amazonhome #home"		27/09/2023 11:48:52	https://www.instagram.com/p/CxsNj45I8OY	tinyeco
"Macchina del caff√® 

Ecco finalmente la nostra nuova macchinetta del caff√®, abbiamo optato per la LAVAZZA A MODO MIO TINY ECO, piccola, compatta e pratica, la prima macchina Lavazza a modo mio fatta con plastica riciclata e questa cosa mi ha attratto tanto..e finalmente anche un po' di colore in casa, ci voleva proprio! 

Scontato dire che il caff√® della Lavazza √® sempre una garanzia, anche se io non lo bevo 
‚Ä¢
‚Ä¢
‚Ä¢
#macchina #macchinadelcaff√® #coffeemachine #cofeemaker #caffe #coffee #espresso #caffetime #coffee #coffeetime #plasticariciclata #lavazza #lavazzacoffee #relaxtime"		27/09/2023 21:45:34	https://www.instagram.com/reel/CxtPqQLr5D9	tinyeco
"Lavazza jolie,Lavazza tiny
Nespresso inissia en80,Nespresso en85
Dolce e Gusto genio a, Dolce e Gusto Krips

#caffe #caff√® #capsule #capsulecaff√® #capsulecaffe #cialde #cialdecaff√® #macinato #caff√®ingrani #caffeingrani #negoziocaffe #negoziocaff√® #gerbido #grugliasco#lavazza#borbone#kimbo#vergnano#verzi#gattopardo#lollo#pop#bialetti#unosistem#caffitaly#piccoleemozioni#dolceegusto#amodomio#nespresso"		10/10/2023 09:41:51	https://www.instagram.com/p/CyNdXA2NGqU	tinyeco
"Goodbye to my 8 years old Nespresso Inissia brought from Japan! You served our family well.. Replaced with new Essenza Mini  it's a tiny coffee machine indeed.
#nespresso #inissia #nespressoessenzamini #coffeemachine #coffee #coffeelover #coffeeholic #instacoffee #justcoffee #lovecoffee #whatelse #coffeelife #instalike #followme #coffeeeveryday #mood #coffeeporn"		21/10/2023 11:40:53	https://www.instagram.com/p/Cyp_udOJC5d	tinyeco
Lavazza, A Modo Mio Macchina per Caff√® Tiny Eco Verde con 64 Capsule  https://amzn.to/3Sy6I24  #lavazzaamodomio #lavazza #modomio #macchina #macchijapercaff√® #caffe #caffeamodomio #tiny #64capsule #macchinaperespresso  #litri #casa #cucina #idea #idearegalo #offerta #sconto #capsule #consiglio #consigliopazzo #buonccaffe		09/11/2023 19:57:49	https://www.instagram.com/p/Czb6kOOMjP1	tinyeco
"Gioca gratis con Lavazza e vinci 
Clicca sul link https://homeofmasters.concorsi.lavazza.it

Dopodich√© vai su ‚ÄúGioca e Vinci‚Äú, fai il login (oppure registrati gratis se √® la prima volta che accedi) e rispondi al quiz del giorno per provare a vincere! Scoprirai subito se hai vinto uno dei seguenti premi:

- 32 macchina caff√® espresso Lavazza A Modo Mio Tiny Eco + 128 capsule (156‚Ç¨);
- 6 coppie di biglietti per le finali delle Nitto ATP Finals 2024 a Torino (valore 700‚Ç¨);
- 40 buoni sconto da ‚Ç¨ 20 per l‚Äôacquisto di Macchina Lavazza A Modo Mio (20 buoni per Voicy e 20 per Jolie) + 6 confezioni da 16 capsule da spendere su lavazza.it
Concorso valido dal 02/11/2023 al 19/11/2023
Valore montepremi ‚Ç¨ 9992,00 IVA inclusa.

#lavazza #nittoatpfinals #concorsogratuito"		14/11/2023 07:37:27	https://www.instagram.com/p/Czndz-doJ6a	tinyeco
"‚Ä¢Macchinetta Lavazza New tiny eco a modo mio 90‚Ç¨ + 9 capsule originali in omaggio 
‚Ä¢
‚Ä¢
‚Ä¢
‚Ä¢
‚Ä¢
‚Ä¢
‚Ä¢
#caffe #coffee #coffeebreak #macchinetta #macchinettadelcaff√® #lavazza #lavazzacoffee #lavazzaamodomio #macchinettalavazza #capsulemodomio #capsulecaffe #buonefesteatutti"		30/12/2023 16:03:47	https://www.instagram.com/p/C1e0UpgIpDQ	tinyeco
"Unlock the ultimate coffee experience!

Spend ‚Ç¨100 on Lavazza A Modo Mio capsules and receive a FREE Lavazza A Modo Mio Tiny coffee machine PLUS enjoy complimentary Irish delivery!

Shop now at www.CoffeeClick.ie!

#CoffeeClick #FreeCoffeeMachine #Lavazza #lavazza"		27/02/2024 12:29:03	https://www.instagram.com/p/C32WpiCtn9R	tinyeco
"Ti presentiamo le nuove arrivate Lavazza A Modo Mio Tiny Eco! Corri a scegliere il tuo colore preferito, e contribuirai a rendere sostenibile l‚Äôambiente. Infatti, oltre ad essere realizzata con plastica riciclata, la nuova Tiny √® caratterizzata da un consumo energetico contenuto, per garantirti una maggiore sostenibilit√†.  Rendi green il tuo momento preferito, regalati una Tiny!!! 

#caff #coffee #espresso #caffe #coffeetime #macchinecaff #macchinecaffe #coffeemachine #cialde #coffeemachines #coffeeculture #espressomachine #espressolove #coffeelovers #macchinacaffe #espressobar #capsule #lavazza #nespresso #espressocoffeemachine #madeinitaly #lasanmarco #caffitaly #capsulecaffe #macchinealeva #miscela #napoletano #napolitancoffee #attiva #breakfast"		07/03/2024 12:57:07	https://www.instagram.com/p/C4NlA8_s0K6	tinyeco
Preparati a diventare il barista di casa con la macchina da caff√® Lavazza Tiny A modo mio! Ora in offerta a 82 euro con spedizione inclusa. Non aspettare, assapora il gusto del caff√® italiano con stile!  #caff√®perfetto #amodomio #lavazza #capsulecaffe		12/03/2024 11:42:31	https://www.instagram.com/p/C4aUcamITan	tinyeco
"Troughback: Arte & Caffe, Capsule &Design. La macchina per il caff√® ha rivelato la sua anima pop con la collaborazione tra Lavazza e Toiletpaper, progetto editoriale di Maurizio Cattelan e del fotografo Pierpaolo Ferrari. 
‚ÄòLavazza Tiny dreamed by Toiletpaper - Lipsticks Edition‚Äô, al fuorisalone 2018, ha portato un tocco di arte e ironia nel temporary bar, con le potenti grafiche ToiletPaper a contrasto di uno sfondo con geometria semplice stile foglio di carta millimetrata.

#lavazza #lavazzatiny #sopopsotiny #macchinacapsule #milanodesignweek #lavazzaamodomio #beverfood #milanodesignweek #design #ocs #coffeemachine #macchinacapsule #ocscoffee #lavazzadesign #capsulecaffe #beverfood #fuorisalone #lavazzatinydreamedbytoiletpaper #toiletpaper #toiletpapermagazine #mauriziocattelan #pierpaoloferrari #lipstickedition"		13/03/2024 22:05:58	https://www.instagram.com/p/C4eAmHaNrqj	tinyeco
"La macchina espresso LAVAZZA A Modo Mio Tiny ECO, realizzata con plastica riciclata, √® protagonista in store.

Nostro il coordinamento e la gestione sia logistica che operativa nella realizzazione di queste aree promozionali di forte impatto che accompagnano anche un importante messaggio di sostenibilit√†.
.
.
.
#bboardcom #Lavazza #AModoMio #TinyEco #lavazzatinyeco #sostenibilit√† #fieldmarketing #instorepromotion #trademarketing #brandactivation #posactivation #merchandiser"		30/03/2024 12:23:51	https://www.instagram.com/p/C5IvfVho8dm	tinyeco
"SUPER PROMO ALLERT

 Riconoscendo sempre e solo il meglio dalla nostra clientela, lo store Punto Caff√® e Lavazza vi ringraziano cos√¨: offerta imperdibile sulle macchine Lavazza Jolie e Lavazza Tiny, con 64 capsule Lavazza Tierra Premium in omaggio! 

E tu, cosa aspetti? 

Vieni a trovarci nei nostri punti vendita 

#lavazza #caffe #offerta #puntocaff√® #massafra #mottola #palagianello"		12/04/2024 12:44:45	https://www.instagram.com/p/C5qJWeILfM6	tinyeco
"Semplicit√† piena di colore.
Inizia la giornata con il profumo irresistibile del caff√® appena fatto!  
Con Tiny Eco fai una scelta responsabile per l'ambiente. La prima macchina Lavazza A Modo Mio realizzata con plastica riciclata. 
Disponibile nelle colorazioni nera e bianca!

Viale Alessandro Manzoni 3, Marcianise (CE)
0823 51 6073

#CiakVideo #lavazza #eco #caffe #Ciak #adv #marcianise #caserta #italia"		15/04/2024 10:10:18	https://www.instagram.com/p/C5xmD6IteGG	tinyeco
"Dal 2 al 22 maggio prendi 3 e paghi 2. 
Acquista 3 dei tantissimi prodotti in promozione, il meno caro √® in regalo.
OFFERTA MACCHINA CAFFE' LAVAZZA TINY ECO
PER LA TUA PAUSA CAFFE'.... APPROFITTANE SUBITO! 

https://bit.ly/3j5QwWv
TRONY, non ci sono paragoni. 

#grandiofferte #tronyforio #DoveIlMeglioCostaMeno #NonCiSonoParagoni #Trony #offerte #ischia #regali #multifunzione #qualit√†prezzo #affidabilit√† #cartafan #sottocosto #promozioni #GrandiMarche #oled #scontipazzi #puliziacasa #elettrodomestici #SmartThings #grandisconti #3x2 #GrandiOfferte  #cremacaffe #ilmenocarolopaghilamet√†  #pausacaffe #caffetime #lavazzaamodomio #VelocitaÃÄ #lavazza #tinyeco"		09/05/2024 10:03:41	https://www.instagram.com/p/C6vYYeGCIDW	tinyeco
"Lavazza Tiny: macchina a capsule ricondizionata.
Prezzo: 40‚Ç¨
#lavazza"		19/05/2024 21:08:24	https://www.instagram.com/p/C7KUZtVtQbA	tinyeco
"For all I know, my coffee journey ended when I decided to leave Starbucks, but I was wrong‚Ä¶ for it was only the beginning.

A teeny tiny espresso bar will be brewing soon! 

Our concept? A tiny, on-the-go coffee nook for your quick caffeine fix. Serving coffee ‚Ä¢ cookie ‚Ä¢ croissant ‚Ä¢ croffle

#teenytinyespressobar #localcoffee #localcoffeeshop #trailer #mobile #cafe #coffeeshop #philippines #event #coffee"		08/07/2024 06:17:24	https://www.instagram.com/p/C9JeLmUvRDn	tinyeco
"FANTACALCIO
PROFESSIONE FANTALLENATORE

MONTEPREMI DA 12.000 EURO

11 COMPETIZIONI E TANTI PREMI IN PALIO 

ISCRIZIONI UFFICIALMENTE APERTE 

REGOLE DEL GIOCO
260 CREDITI
ROSA (3-8-8-6)
30 CAMBI A DISPOSIZIONE 
SI MODIFICATORE DI DIFESA
SI IMBATTIBILIT√Ä PORTIERE
NO CAMBIO MODULO 
NO BONUS CAPITANO
NO BONUS FAIR PLAY 
5 SOSTITUZIONI CONSENTITE
PANCHINA LUNGA

MONTEPREMI DA 12.000 EURO
PREMI CLASSIFICA GENERALE
1¬∞ Piaggio Medley 125 
2¬∞ Tv Hisense 100 pollici
3¬∞ Mida gioielli bracciale &quot;Tennis&quot; (valore 1700 Euro)/ oppure / Gama case vacanze 4 Giorni All- inclusive (per 2 persone)
4¬∞ Iphone 15 (128 GB)
5¬∞ Jacuzzi Intex 6 posti
6¬∞ Tv Samsung 55 pollici
7¬∞ Cuffie Beats solo 4
8¬∞ Lavazza LM840 Tiny eco
9¬∞Xiaomi redmi watch 4
10¬∞ JBL Wave 200tws

PREMI ALTRE COMPETIZIONI
Champions League (Play Station 5 )
Europa League (Nintendo Switch Oled)
Conference League (Samsung Galaxy Watch 6)
The Immortal (Lenovo Tablet Pen M11)
Squid PF cup (Samsusng Galaxy Buds 2)
The Big Battle ( JBL speaker portatile)
The Last Chance (Buono Amazon 100 euro)
Paracadute Cup (Buono Amazon 100 euro)
Rat Race (Buono Amazon 100 euro)
Super PF Cup (Buono Amazon 100 euro)

MIGLIOR PUNTEGGIO PI√ô ALTO NELLE 38 GIORNATE
(Buono Amazon 100 euro)

CAMPIONE D'INVERNO 
(Buono Amazon 250 euro)

X INFO E REGOLAMENTO COMPLETO CONTATTACI SU INSTAGRAM 

#fantacalcio #calcio #sport #bonus #goal #premi #calciatori #reel #post #instagram #book #tiktok #photo #squidgame #cup #regole"		20/07/2024 19:16:12	https://www.instagram.com/p/C9pw2JrN4ky	tinyeco
"DOPPIO SCONTO IVA!
Macchina caff√® a capsule Lavazza Tiny Eco A Modo Mio 
Disponibile nei nostri store!
Bari: Viale della Repubblica 88/90 - Tel 080 5560686
Bisceglie: Via della Libert√† 113/115 - Tel 080 3955171
Triggiano: Via Pirelli - Tel 080 9724400
Monopoli: Via Vecchia Sant'Antonio, 6/a - Tel 080 2462458
#ideaelettrodomestici #bari #monopoli #bisceglie #triggiano #elettrodomestici #lavatrice #asciugatrice #frigorifero #pianocottura #fornoelettrico #installazione #consegna #convenienza #offertespeciali #offerte #lavazza #amodomio"		31/07/2024 16:40:33	https://www.instagram.com/p/C-FzxuksPRp	tinyeco
"Lavazza Tiny: macchina a capsule ricondizionata.
Prezzo: 60‚Ç¨
#lavazza #tiny #amodomio #ricondizionato"		01/08/2024 15:25:09	https://www.instagram.com/p/C-IP8XWNWDa	tinyeco
"Brew Perfect Coffee with a Pop of Color! 

Brighten up your kitchen with the Lavazza A Modo Mio Tiny Coffee Machine in vibrant red. Enjoy caf√©-quality coffee at home with this sleek, compact machine.

Order yours now at The Outlet Shop UK!

#LavazzaCoffee #CoffeeMachine #KitchenEssentials #CoffeeAtHome #EspressoMachine #CoffeeCultureGoals  #HomeBarista #TheOutletShopUK  #UKOnlineShop #UKShoppingOnline #OnlineShopUK  #UKOnlineShoppers #lavazzacoffee"		18/09/2024 21:00:18	https://www.instagram.com/p/DAEcc7hISfi	tinyeco
"Brew Perfect Coffee with a Pop of Color! 

Brighten up your kitchen with the Lavazza A Modo Mio Tiny Coffee Machine in vibrant red. Enjoy caf√©-quality coffee at home with this sleek, compact machine.

Order yours now at The Outlet Shop UK!

#LavazzaCoffee #CoffeeMachine #KitchenEssentials #CoffeeAtHome #EspressoMachine #CoffeeCultureGoals  #HomeBarista #TheOutletShopUK  #UKOnlineShop #UKShoppingOnline #OnlineShopUK  #UKOnlineShoppers #espressomachine"		19/09/2024 13:09:23	https://www.instagram.com/p/DAGLW3VPB2h	tinyeco
"LAVAZZA TINY ECO - Macchina caffeÃÄ capsule

Lavazza continua il suo impegno nei confronti della sostenibilit√† lanciando la sua prima macchina creata con plastica riciclata e con un packaging totalmente sostenibile. 

Il nuovo modello della gamma AMM sar√† infatti la prima macchina ad essere prodotta con plastica riciclata. (fino al 61%). 

Molto semplice da usare e pensata per creare sempre un vero espresso italiano, la nuova macchina √® studiata per un pubblico giovane ed orientato al futuro.

 Euro 85,00

 ci troviamo in Via Matteo Galdi, 28 ‚Ä¢ Baronissi (SA)
 https://maps.app.goo.gl/6DM7m21Ms43VYfzF6
 375 834 3953

#bestprice #telefonia #elettronica #informatica #entertainment #television #gaming #innovazione #volantino #volantinoofferte #promo #offerte #caffe #lavazza #macchinadacaff√®"		27/09/2024 19:06:47	https://www.instagram.com/p/DAbanfHom0E	tinyeco
"My client review on this tannercolsoncoffee
 Tiny Espresso Machine

Bought this for office use and while traveling. Easy to set up, easy to use, easy to clean and the best of all ... it brews the best coffee ever. Of course you'll need high quality coffee like Illy or Lavazza, but it's worth it.

DM for more details  
itsheraz01 

#coffeemaker #coffee #coffeetime #coffeelover #coffeeholic #coffeeshop #coffeelovers #espresso #coffeevibes #coffeeaddict #coffeedaily #barista #coffeeart #coffeebean #coffeebar #coffeequotes #cafe #coffees #cappuccino #latteart #coffeemachine #coffeeculture #coffeeshops #coffeeislife #coffeemug #coffeebreak #coffeetable #coffeepeople #coffeehouse #latte"		02/10/2024 14:52:59	https://www.instagram.com/reel/DAn0_yVu7Wj	tinyeco
"My client review on this tannercolsoncoffee
 Tiny Espresso Machine

Bought this for office use and while traveling. Easy to set up, easy to use, easy to clean and the best of all ... it brews the best coffee ever. Of course you'll need high quality coffee like Illy or Lavazza, but it's worth it.

DM for more details  
roiter1212 

#coffeemaker #coffee #coffeetime #coffeelover #coffeeholic #coffeeshop #coffeelovers #espresso #coffeevibes #coffeeaddict #coffeedaily #barista #coffeeart #coffeebean #coffeebar #coffeequotes #cafe #coffees #cappuccino #latteart #coffeemachine #coffeeculture #coffeeshops #coffeeislife #coffeemug #coffeebreak #coffeetable #coffeepeople #coffeehouse"		02/10/2024 14:55:04	https://www.instagram.com/reel/DAn1qlNoqOS	tinyeco
"Amanti del caff√®, √® il vostro momento!

La macchinetta Lavazza Tiny Eco √® l‚Äôalleata perfetta per iniziare ogni giornata con il piede giusto, e ora puoi averla a un PREZZO IMBATTIBILE da Euronics Le Rughe! 

 Scopri come averla scontata del 50%! Vieni subito in negozio e approfitta di questa incredibile offerta! 

#euronics #lavazza #caff√® #lerughe #formello #offerta #casasmart #casa"		16/10/2024 14:40:21	https://www.instagram.com/p/DBL3Oz6stNP	tinyeco
"Super Ofert√´ p√´r adhuruesit e kafes!

Shijoni nj√´ ekspres t√´ v√´rtet√´ italian n√´ sht√´pi. Ekspresi i kafes LAVAZZA tiny 220-240V vjen 47% m√´ lir√´ p√´r t√´ gjith√´ klient√´t e SPAR. 

Ju b√´ft√´ mir√´!

#spar #interspar #expresscoffee #lavazza #lavazzacoffee #coffee"		04/10/2022 20:47:28	https://www.instagram.com/p/CjTWnh7tzHj	tinyeco
"Piccola,facile e colorata ‚Ä¶la nuova @lavazzaofficial a modo mio tiny eco 
Vieni a scoprirla in tutti i mostri punti vendita,ti aspettiamo 
#lavazza #coffee #goodmorning #coffebreak #ilgustodelcaff√®diandreataranto"		11/10/2022 11:05:48	https://www.instagram.com/p/CjkVnWOtLf3	tinyeco
"Lavazza - Nuova Tiny Eco  

#euronics #euronicsitalia #euronicsfoggia #euronicslatorre #euronicspoint #euronicspointviatarantofoggia #viveletuepassioni #euronicsviveletuepassioni #elettrodomesticilatorre #shopping #sottocosto #sottocostoeuronics
#foggia #foggia_city #foggiatoday #foggiaview #foggiani #lavazza #lavazzaitaly #lavazzaitalia #lavazzait #lavazzatiny #eco #lavazzatiny #lavazzaitalianfilmfestival"		12/10/2022 17:14:04	https://www.instagram.com/p/Cjnkjjct_Qj	tinyeco
"Lavazza - Nuova Tiny Eco  

#euronics #euronicsitalia #euronicsfoggia #euronicslatorre #euronicspoint #euronicspointviatarantofoggia #viveletuepassioni #euronicsviveletuepassioni #elettrodomesticilatorre #shopping #sottocosto #sottocostoeuronics
#foggia #foggia_city #foggiatoday #foggiaview #foggiani #lavazza #lavazzaitaly #lavazzaitalia #lavazzait #lavazzatiny #eco #lavazzatiny #lavazzaitalianfilmfestival"		12/10/2022 18:32:11	https://www.instagram.com/p/CjntfoGNTnL	tinyeco
"SUPER PROMOZIONE! 
Macchinetta del caff√® Lavazza LM 840 Tiny Eco a soli 85,00‚Ç¨.
Disponibile nei seguenti colori: rosso, bianco e nero.

Visita sul nostro sito tutte le promozioni disponibili:
 Link in Descrizione

Ci troviamo in:
 Via Ciro Menotti N 50 - Sassuolo
 Via Circondariale San Francesco N 173/175 - Fiorano Modenese
 Via Statale N. 11 - Casalgrande

 Spedizioni In Tutta Italia
 Disponibile il pagamento alla consegna
 Spedizioni gratuite a partire da 49,99 ‚Ç¨

Se acquisti online, avrai diritto a:
 5% di sconto a partire da 70 ‚Ç¨ di spesa con il codice COUPON5
.
.
.
#follow #borbone #lavazza #caff #coffee #napoli #cialde #caffe #caffeborbone #capsule #nespresso #italy #coffeetime #lollocaffe #italia #campania #espresso #regnodelleduesicilie #dolcegusto #illy #naples #passalacqua #history #architecture #frog #sassuolo #ristora #storia #art #caffitaly"		14/10/2022 14:00:19	https://www.instagram.com/p/CjsX-KQtrWh	tinyeco
"Novit√† in casa Lavazza.
Con Tiny Eco fai una scelta responsabile per l'ambiente. La prima macchina Lavazza A Modo Mio realizzata con plastica riciclata. 
Piccola, Facile e Colorata.

#vieniascoprirelanuovacollezione #lavazza #lavazzaamodomio #lavazzatinyeco #novit√† #novit√†incasalavazza #piccola #facile #colorata #eco #plasticariciclata #capsulelavazza #caffelavazza #tuttiicoloridisponibili 
#tronynoncisonoparagoni 
@lavazzait @lavazzaofficial @trony_vibo"		15/10/2022 14:10:33	https://www.instagram.com/p/Cju98CMMnln	tinyeco
"Sono finalmente iniziati gli SCONTI FANTASMICI di niclick.it 
Fino al 3 novembre non prendere impegni e resta connesso sul nostro shop: ogni giorno ci sar√† un prodotto diverso a prezzi imbattibili! 

Il Fantasmico prodotto di oggi √® Macchina Caff√® LM800 Tiny di Lavazza! 
Tiny √® il modo migliore per iniziare la giornata! Nel suo piccolo, Tiny √® una grande macchina da caff√® Lavazza A Modo Mio. √à bella, compatta e soprattutto pratica: con un solo tasto si accende, si spegne e prepara il caff√®.

L'offerta sul prodotto √® valida fino alle 09:00 di Luned√¨ 31 Ottobre 2022. 

Facile, Veloce, Scegli Niclick!

#Lavazza #Tiny #macchinacaff√® #topdigamma #bestoproduct #offerte #promozioni #scontifantastici #niclick #sconti #niclick #Halloween #caff√® #coffeetime #pausa #breackfast"		30/10/2022 09:00:11	https://www.instagram.com/p/CkVJNcztH7q	tinyeco
"SUPER OFFERTA

Lavazza A Modo Mio modello Tiny in offerta a soli ‚Ç¨ 79,00 

Passa a conoscere tutte le sue caratteristiche in negozio! 

Vi aspettiamo! 

Via della Storta 906
06 45492552 

#lavazza #tiny #coffee #promo #cafe #coffetime #morning"		08/11/2022 17:08:46	https://www.instagram.com/p/CktMRw_t2oL	tinyeco
"FREE Travel Mug with Lavazza Tiny! 
.
The Lavazza A Modo Mio Tiny Coffee Capsule Machine is compact, easy-to-use, affordable, and above all practical. The perfect Christmas gift 
.
Limited stock - Shop now - https://bit.ly/3TpXVfo
.
#lavazza #shoplocal #coffee #coffeelover #irishbusiness #tiny #ireland #compact #homecoffee 
#JoyOfGifting"		13/11/2022 11:30:09	https://www.instagram.com/p/Ck5dfgWupdG	tinyeco
"La nuova #Lavazza Tiny Eco diventer√† la tua miglior alleata.

Sostenibile grazie alla plastica riciclata di cui √® prodotta, compatibile con cialde compostabili e dal caff√® spettacolare. Un gioiellino.

Scopri le offerte  sfoglia il nostro volantino, clicca sul [LINK IN BIO].

 0363 300034
 www.tronytreviglio.it

#Trony #Treviglio #Elettrodomestici #offerte #coffeemaker #cucina #airfryer #aspirapolvere #casa #cellulare #condizionatore #salotto #robot #televisori #tecnologia #calcio #living #nintendo #microsoft #smartbox #telefonia #cleaner #pianocottura #bergamo"		18/11/2022 13:32:24	https://www.instagram.com/p/ClGjdwNNRbU	tinyeco
"In occasione delle Nitto ATP Finals Lavazza presenta la macchina A Modo Mio Tiny Eco abbinata alle capsule compostabili Tierra Bio Organic. Scopri di pi√π leggendo la nostra news di oggi (link in bio) https://www.vendingnews.it/la-nuova-lavazza-a-modo-mio-tiny-eco-e-le-capsule-compostabili-tierra-bio-organic/

@lavazzait #lavazza #lavazzatinyeco #amodomio #tierrabioorganic #caff√® #macchinedacaff√® #vending #distribuzioneautomatica #distributoriautomatici #vendingmachine #vendingmachines #vendingnews"		18/11/2022 16:27:28	https://www.instagram.com/p/ClG3fnfovM4	tinyeco
"In occasione delle Nitto ATP Finals Lavazza presenta la macchina A Modo Mio Tiny Eco abbinata alle capsule compostabili Tierra Bio Organic. Scopri di pi√π leggendo la nostra news di oggi (link in bio) https://www.vendingnews.it/la-nuova-lavazza-a-modo-mio-tiny-eco-e-le-capsule-compostabili-tierra-bio-organic/

@lavazzait #lavazza #lavazzatinyeco #amodomio #tierrabioorganic #caff√® #macchinedacaff√® #vending #distribuzioneautomatica #distributoriautomatici #vendingmachine #vendingmachines #vendingnews"		18/11/2022 16:27:31	https://www.instagram.com/p/ClG3f8JIkFE	tinyeco
"Lavazza A Modo Mio Tiny Eco
 
Con Tiny Eco fai una scelta responsabile per l‚Äôambiente.
La prima macchina Lavazza A Modo Mio realizzata con plastica riciclata.
 
#Lavazza #AModoMio #TinyEco #BlogTEF #Emotionsdrivesales #espoecartotec #theemotionsfactory #lavazza"		21/11/2022 17:32:24	https://www.instagram.com/p/ClOtURjNVId	tinyeco
"FREE Travel Mug with Lavazza Tiny! 
.
The Lavazza A Modo Mio Tiny Coffee Capsule Machine is compact, easy-to-use, affordable, and above all practical. The perfect Christmas gift 
.
Limited stock - Shop now - https://bit.ly/3TpXVfo
.
#lavazza #shoplocal #coffee #coffeelover #irishbusiness #tiny #ireland #compact #homecoffee 
#JoyOfGifting"		01/12/2022 16:30:07	https://www.instagram.com/p/CloWIa4O0ye	tinyeco
"FLASH SALE 
.
Lavazza Tiny Now only ‚Ç¨49.99 - Limited stock available. 
. 
The ideal gift this Christmas 
.
Shop now - https://bit.ly/3TpXVfo
.
#lavazza #shoplocal #coffee #coffeelover #irishbusiness #tiny #ireland #compact #homecoffee #flashsale #christmas #gift"		06/12/2022 18:00:09	https://www.instagram.com/p/Cl1YaRbufCE	tinyeco
Nuovissima Lavazza Tiny Eco, macchina da caff√® a capsule Lavazza a modo mio! Vieni a scoprirla in negozio!  #elettrosat #lavazza		07/12/2022 14:30:08	https://www.instagram.com/p/Cl3lLU4PWq4	tinyeco
"The perfect Christmas Gift - Only ‚Ç¨49 
.
Lavazza Tiny - Limited stock available
.
Shop now - https://bit.ly/3TpXVfo
.
#lavazza #shoplocal #coffee #coffeelover #irishbusiness #tiny #ireland #compact #homecoffee #flashsale #christmas #gift
#JoyOfGifting"		17/12/2022 11:30:09	https://www.instagram.com/p/CmRAhihuIbW	tinyeco
"Macchinetta Lavazza A Modo Mio Tiny Eco 
‚Ä¢
‚Ä¢
‚Ä¢
 #coffee #cafe #instacoffee #toptags #coffeetime #cafelife #caffeine #coffeebreak #coffeefirst #coffeeshopvibes #butfirstcoffee #coffeeaddict #coffeegram #coffeeoftheday #ilovecoffee #coffeelover #coffeelovers #coffeecup #coffeeholic #coffiecup #coffeelove #coffeefliicks #coffeeholic #coffeelife #coffeeplease #ig_coffee #thehappynow #kopi"		20/12/2022 10:52:04	https://www.instagram.com/p/CmYqjc2N-zo	tinyeco
"√à arrivata la nuova Macchina Espresso Lavazza Tiny Eco A Modo Mio!

Tiny Eco √® la prima macchina realizzata con plastica riciclata per una scelta responsabile per l‚Äôambiente con un packaging al 100% in cartone riciclato e dal basso consumo energetico 

Piccola, compatta e dallo stile pop nel suo piccolo contiene tutta l‚Äôeccellenza Lavazza 

#perugia_selfcaff√® #perugia #umbria #umbria_illife #umbriacuoreverde #volgoumbria #coffee #caffe #caff√©gioia #lavazza #borbone #italia #italy #coffebreak #coffeetime #igersumbria #picoftheday #breakfast #visitumbria #yallersumbria #caff√® #food #travel #coffeelover #espresso #instacoffee"		20/12/2022 11:31:09	https://www.instagram.com/p/CmYvBupI3GO	tinyeco
"Pausa caff√® ECO POP!

Atterra a Malpensa la campagna Out of Home di @lavazzait con #IGPDecaux che presenta la nuova Tiny ECO.
‚Ä®Lavazza A Modo Mio Tiny √® la nuova macchina espresso, coloratissima e sostenibile in quanto realizzata con plastica riciclata!

#OOH #Lavazza #IGPDecaux #outdooradvertising #caff√® #milano #malpensa #aeroporto #lavazzaitalia #italia  #outofhome #instagood #outofhomemediamo #cities #urban #citylife #italy #travellovers #strettphotographyinternational #streetpic #igersitalia #ig_myshots #ig_italy"		05/01/2023 16:39:08	https://www.instagram.com/p/CnCe_disVpk	tinyeco
"Lavazza Tiny Sale 
. 
Limited stock available
.
Shop now - https://bit.ly/3TpXVfo
.
#lavazza #shoplocal #coffee #coffeelover #irishbusiness #tiny #ireland #compact #homecoffee #sale #reductions #january"		07/01/2023 15:30:09	https://www.instagram.com/p/CnHgrpruejQ	tinyeco
"It's competition time!

To enter our competition all you have to do is subscribe to our newsletter through our website! 

The winner will receive a Lavazza Tiny coffee machine in black! The perfect compact and elegant coffee machine for any kitchen. 

***The competition will end on 31/01/2023***
www.coffeeclick.ie
.
.
#Irish #shoplocal #lavazza #competition #subscribe #irishbusiness #local #coffeemachine #coffee #espresso #winner"		19/01/2023 15:15:09	https://www.instagram.com/p/CnmYgLOuu4V	tinyeco
"Lavazza Tiny Sale 
. 
Limited stock available
.
Shop now - https://bit.ly/3TpXVfo
.
#lavazza #shoplocal #coffee #coffeelover #irishbusiness #tiny #ireland #compact #homecoffee #sale #reductions #january"		24/02/2023 16:30:07	https://www.instagram.com/p/CpDNs5WOV91	tinyeco
"LAVAZZA NEW TINY ECO 

Lavazza A Modo Mio Tiny √® il miglior modo di iniziare la tua giornata! Nella sua piccolezza, Tiny √® una grande macchina da caff√® Lavazza A Modo Mio. √à bella, compatta e soprattutto pratica: un singolo bottone pu√≤ essere usato per preparare il caff√®, accendere e spegnere la macchina. 
#onderadiotrebisacce #lavazza #lavazzaamodomio #lavazzacoffee"		13/03/2023 12:57:56	https://www.instagram.com/p/Cpum7-IN13j	tinyeco
"LAVAZZA A MODO MIO TINY ECO 
Con Tiny Eco fai una scelta responsabile per l'ambiente: √® la prima macchina Lavazza A Modo Mio realizzata con plastica riciclata! 

Il suo design semplice e colorato, le dimensioni compatte e un'estrema facilit√† d'uso la rendono il miglior modo di iniziare la tua giornata! 

Vieni a scoprirla in negozio! 

#lavazza #lavazzaamodomio #amodomio #tiny #tinyeco #ecologico #recycle #recycledplastic #coffee #coffeetime"		15/03/2023 16:55:12	https://www.instagram.com/reel/Cp0LqdPo72i	tinyeco
"LAVAZZA A MODO MIO TINY ECO 
Con Tiny Eco fai una scelta responsabile per l'ambiente: √® la prima macchina Lavazza A Modo Mio realizzata con plastica riciclata! 

Il suo design semplice e colorato, le dimensioni compatte e un'estrema facilit√† d'uso la rendono il miglior modo di iniziare la tua giornata! 

Vieni a scoprirla in negozio! 

#lavazza #lavazzaamodomio #amodomio #tiny #tinyeco #ecologico #recycle #recycledplastic #coffee #coffeetime"		15/03/2023 18:00:08	https://www.instagram.com/p/Cp0TG_Qo-wn	tinyeco
"LAVAZZA A MODO MIO TINY ECO 
Con Tiny Eco fai una scelta responsabile per l'ambiente: √® la prima macchina Lavazza A Modo Mio realizzata con plastica riciclata! 

Il suo design semplice e colorato, le dimensioni compatte e un'estrema facilit√† d'uso la rendono il miglior modo di iniziare la tua giornata! 

Vieni a scoprirla in negozio! 

#lavazza #lavazzaamodomio #amodomio #tiny #tinyeco #ecologico #recycle #recycledplastic #coffee #coffeetime"		15/03/2023 18:00:10	https://www.instagram.com/p/Cp0THOmoi9C	tinyeco
"Macchina per CaffeÃÄ Tiny Eco Rossa con 64 Capsule QualitaÃÄ Rossa Incluse
IN OFFERTA CON IL 19% DI SCONTO 

https://amzn.to/42FFfhx
#scontiscontisconti #scontionline #ScontiYesWeCan #sconti #offerteamazon #onlineshop #scontiamazon #scontiyeswecan #onlineshopping #offerte #cialdecaffe #caffetteria #cialde #caffeespresso #caffe #capsule #espressoitaliano #caffeitaliano #cialdecompatibili #caffetime #espresso #lavazza #lavazzaamodomio #LavazzaCoffee"		24/03/2023 07:44:06	https://www.instagram.com/p/CqKXw4jI2uy	tinyeco
"Macchina da Caff√® Lavazza a modo Mio Tiny Eco a soli euro 79,90 

#lavazza #lavazzacoffee #coffee #lavazzalove #amodomio #capsule #cialde #polvere #macchinadacaff√® #elettrodomestici #elettronica #caffe #caffetime #gruppoelettrocasasora #piccoloelettrodomestico #home"		30/03/2023 11:28:38	https://www.instagram.com/p/CqaHXWog1Fh	tinyeco
"Buongiorno, dopo una lunga notte a lavoro mi ricarico con la nuova Lavazza A Modo Mio Tiny √® il miglior modo di iniziare la mia giornata! Nella sua piccolezza, Tiny √® una grande macchina da caff√® bella, compatta e soprattutto pratica... inoltre con Tiny Eco fai una scelta responsabile per l'ambiente la prima macchina Lavazza A Modo Mio realizzata con plastica riciclata @lavazzaofficial
@lavazzait #lavazza #lavazzaamodomio #capsule #caff√® #ginseng #nocciolino #decafeinato #istahappy #istagram #buongiorno #allegria #ricarica #pausacaff√®"		30/03/2023 10:47:04	https://www.instagram.com/p/CqaCm4Xtf_k	tinyeco
"Tiny machine, HUGE savings

The Lavazza A Modo Mio Tiny Coffee Capsule Machine is compact, easy-to-use, affordable, and above all practical. With a single button, it turns on, turns off and prepares delicious coffee.

Visit our website for more information!

#Lavazza #Tiny #CoffeeMachine #CoffeeClick #lavazza"		14/04/2023 10:59:00	https://www.instagram.com/p/CrAr5JdO4gX	tinyeco
"New 
 Va prezentƒÉm primul espressor Lavazza A Modo Mio, creat din plastic reciclat. 
 Ai grijƒÉ de mediul inconjurƒÉtor, cu TINY ECO
Disponibile »ôi in rate, doar cu buletinul.
La pre»õ de 2800 lei.

Chi»ôinƒÉu, str. Cuza VodƒÉ 1/4
Tel: 079 44 48 48

 #lavazza #cafea #amodomio #espresso #cafeabio"		14/04/2023 13:21:48	https://www.instagram.com/p/CrA8PWFNplr	tinyeco
"36% Off Nespresso Vertuo Next 11720 Magimix Coffee Machine
If you're a coffee lover looking for a machine that can deliver a delicious cup of coffee every time, you need the Nespresso Vertuo Next 11720 Magimix Coffee Machine! This innovative coffee machine offers multiple benefits, making it an excellent investment for anyone who wants to enhance their coffee experience.

One of the standout features of the Nespresso Vertuo Next is its ability to brew different cup sizes, from a tiny espresso shot to a large mug of coffee. Thanks to its unique Centrifusion technology, this coffee machine can extract every bit of flavor and aroma from your coffee pods, delivering a rich and delicious cup of coffee every time.

In addition to its brewing capabilities, the Nespresso Vertuo Next is also incredibly easy to use. Simply insert a coffee pod, press the button, and let the machine do the rest! And with its compact, stylish design, it's a great addition to any kitchen or office.

Another benefit of the Nespresso Vertuo Next is its sustainability. The coffee pods used by this machine are made from recyclable aluminum, making them an eco-friendly choice for coffee lovers who want to reduce their environmental impact.

Overall, the Nespresso Vertuo Next 11720 Magimix Coffee Machine is an excellent investment for anyone who wants to enjoy a delicious cup of coffee every time. With its brewing versatility, easy-to-use design, and eco-friendly coffee pods, it's a must-have for any coffee lover! #nespressovertuo #coffeelover #coffeemachine #centrifusiontechnology #brewingversatility #easytouse #stylishdesign #recyclablecoffee #ecofriendly #deliciouscoffee #musthave

Follow Link In Bio! 
Offer accurate on date posted."		14/04/2023 19:01:14	https://www.instagram.com/p/CrBjFYUtcJv	tinyeco
".
Nuova #Lavazza #tiny eco 

Scopri il nuovo colore in store @moroni_elettrodomestici 

realizzata in parte con plastica riciclata¬π  che abbinata alle capsule compostabili¬≤ Lavazza A Modo Mio ¬°Tierra! Bio-Organic ‚Äì realizzate con un innovativo biopolimero compostabile industrialmente e biodegradabili in 180 giorni! 

basso consumo energetico (Classe Energetica A+ con stand-by dopo 2 minuti).
Piccola e compatta, Tiny Eco porta colore e allegria in casa grazie alle nuove tonalit√†
 packaging al 100% in cartone riciclato 

#caff√® #lavazzacoffee #lavazzalove #lavazzatiny #ecofriendly #moronielettrodomestici"		21/04/2023 08:19:36	https://www.instagram.com/p/CrSbOF7oxe1	tinyeco
"SEMPLICIT√Ä PIENA DI COLORE  

Piccola, facile e colorata
Scopri in store la nuova macchina da caff√® ‚ÄúTiny Eco‚Äù targata @lavazzaofficial 

Trony - CC Antegnate Gran Shopping 
#tronyantegnate #caff√® #lavazza #amodomio #tiny #eco #trony #noncisonoparagoni"		25/04/2023 11:36:25	https://www.instagram.com/p/CrdE7EgMs1i	tinyeco
"Iced Cinnamon Dolce Latte  
I knew not to froth my cold foam in the tiny espresso shot glass  anyways!

What I used 
- 2 starbucks blonde espresso pods
- 1 - 2 tsps of Cinnamon Dolce syrup (Jordan‚Äôs skinny syrups)
- creamer
- heavy whipping cream
- ice

Cold Foam:
- 1/3  cup of heavy cream
- 1-2 tbsp creamer or milk
- 1/2 tsp cinnamon dolce syrup 

Recipe  
1. Brew your espresso shots and add both your syrup and espresso to your drinking glass. Mix together well.
2. Next, add your ice and then milk (or creamer) to your coffee. Add your milk/creamer if preferred. 
3. Froth your heavy cream, creamer or milk, and syrup until you have a thick consistency.
4. Add frothed milk to your drinking glass and enjoy! 
‚Ä¢
‚Ä¢
‚Ä¢
‚Ä¢
‚Ä¢
‚Ä¢
‚Ä¢
‚Ä¢
‚Ä¢
‚Ä¢
‚Ä¢
‚Ä¢
‚Ä¢
‚Ä¢
‚Ä¢
#thecoffeegirly #pinterest #pinterestinspired #coffee #coffeelover #coffeeaddict #coffeegram #coffeebar #nespressovertuo #icedcoffee #icedcoffeelovers #morning #morningroutine #morningcoffee #vlog #dailyvlog #icedcoffeelovers #nespresso #vertuonext #icedcoffeerecipes #coffeeaesthetic"		02/05/2023 18:16:47	https://www.instagram.com/reel/Crvz_WspzKu	tinyeco
"Some images from the @lavazzaofficial coffee machine Tiny Eco adv campaign made for Wedoo agency.
.
.
Alcune immagini dalla campagna pubblicitaria di Lavazza per la macchina da caff√® Tiny Eco, realizzate per l‚Äôagenzia Wedoo.

#lavazza #lavazzacoffee #tinyeco #lavazzatinyeco #render #rendering #madeinitaviz #cg #advrender"		03/05/2023 12:51:12	https://www.instagram.com/p/Crxz14yMFdH	tinyeco
"A MODO MIO TINY

Espresso on the inside, cheerfulness on the outside. That's what the espresso machine Tiny by Lavazza is.

It will bring life to your coffee corner. 

With it in the house, every espresso is a good opportunity to be among friends. #lavazza"		03/05/2023 15:58:43	https://www.instagram.com/p/CryJTUDq8Ev	tinyeco
"Some images from the @lavazzaofficial coffee machine Tiny Eco adv campaign made for Wedoo agency.
.
.
Alcune immagini dalla campagna pubblicitaria di Lavazza per la macchina da caff√® Tiny Eco, realizzate per l‚Äôagenzia Wedoo.

#lavazza #lavazzacoffee #tinyeco #lavazzatinyeco #render #rendering #madeinitaviz #cg #advrender"		03/05/2023 10:51:16	https://www.instagram.com/p/CrxmHbqM2zM	tinyeco
"#darkaesthetic with #nespresso to start your day 
.
I dont think that tiny #espresso mug gonna failed you 

.
.
.
.
.
.
#homeinterior
#homedecor 
#homecafe
#bohodecor 
#cafecorner 
#depok24jam 
#cafeteller
#coffeebreak
#proudofyourlocalcoffeeshop
#masfotokopi
#coffeetomotodidepok"		08/05/2023 04:06:40	https://www.instagram.com/reel/Cr9vl0BBmjl	tinyeco
"Wake up and smell the coffee!
Tiny Eco designed by Lavazza Group

#productdesign #productdesigners #productdesigner #kitchenappliance #coffeemachine #coffee #design #designer #designers #industrialdesign #industrialproject #industrialprojects #creative #industrialdesigners #productdesign #productdesigner #productdesigners #ecologicaldesign #greendesign #greenproduct #greenappliance
#lavazza #lavazzacoffee"		08/05/2023 12:03:32	https://www.instagram.com/p/Cr-mXF4u3wC	tinyeco
"JOIN US THIS WEEKEND FOR THE LAVAZZA PROMOTION AT BIGMAT  

GET 50% OFF ON TINY ECO LAVAZZA MACHINES & 25% OFF ECO CAPSULES

During this weekend [Sat 13th ‚Äì 14th May] only at BigMat ‚Äì Ta‚Äô Qali

Switch to #ECO FRIENDLY capsules with Lavazza‚Äôs compostable coffee capsules that are 100% industrialized compostable. 

TINY ECO LAVAZZA Machines are also made with recycled plastic.  

#bigmat #lavazza #malta #sustainable #green #recycled #offer #promo"		11/05/2023 17:22:26	https://www.instagram.com/p/CsG5PdoI3yq	tinyeco
"Con una macchina cos√¨ il caff√® ha pi√π gusto
Da Nabucco Store sono arrivate le nuove Macchine da caff√® in capsule LAVAZZA A MODO MIO TINY ECO
Semplicit√† piena di colore
La prima macchina Lavazza a Modo Mio realizzata con plastica riciclata. Se ami il caff√® e il nostro pianeta questa √® la scelta giusta 

#nabuccostore #nabuccostoregangi #nabuccostoremadonnuzza #lavazza #lavazzaamodomio #coffeetime #coffeelover #caffe #caffecremoso #gangiborgopi√πbelloditalia #gangi #petraliasottana #petraliasopranabestborgo2018 #petraliasoprana"		16/05/2023 12:52:00	https://www.instagram.com/p/CsTSRIyNVGc	tinyeco
"Cute tiny espresso mug from starbucks in Taiwan

#coffee #filter #geisha #coffeelover #starbucks #mug #cutemug #espressocup #taiwanonly #taipei #taipei101 #holiday"		17/05/2023 12:52:35	https://www.instagram.com/reel/CsV2uldoQiG	tinyeco
"A MODO MIO TINY

Espresso on the inside, cheerfulness on the outside. That's what the espresso machine Tiny by Lavazza is.

It will bring life to your coffee corner. 

With it in the house, every espresso is a good opportunity to be among friends.

#lavazzalove #coffeebreak #morningfuel #espresso #coffee #beans #capsule #machine #lavazza #lavazzacoffee #lavazzacoffee #lavazzaamodomio #lavazzaespress #coffeeholic #coffeelover #lebanon #lebanese #beirut #italy #italian #technology"		19/05/2023 10:28:00	https://www.instagram.com/p/CsawK9iqAo_	tinyeco
